occupation,occupation_label,workers,mean_income,mean_income_low,mean_income_upp,mean_hourly_income,mean_hours,sample_n,p10,p25,p50,p75,p90,hourly_p50,gini_within,top10_income_share,share_Homem,share_Mulher,share_brancaamarela,share_pretapardaindigena,share_outra,mean_Homem,mean_Mulher,gender_gap_women_vs_men,mean_median_ratio,p90_p50_ratio,p50_p10_ratio,ci_relative_width,wage_anatomy_type
1120,1120 - Diretores gerais e gerentes gerais,110297.50111861,22415.826972145624,15720.681885239112,29110.972059052136,121.818277801929,45.38590231223968,219,3500,6000,11000,30000,50000,62.98551333193365,0.5486343515711893,0.39552271800058636,0.6943562166336154,0.30564378336638465,0.7954457565810323,0.20455424341896758,NA,26712.10174288616,12655.624874876521,-0.5262212986199446,2.0378024520132385,4.545454545454546,3.142857142857143,0.5973587407884652,elite_de_cauda_longa
2212,2212 - Médicos especialistas,409320.57507415,19292.810581857895,17601.207774312377,20984.413389403413,104.27333663985122,46.10033295701483,837,6000,10000,15000,25000,35000,77.9445727482679,0.38477981225125124,0.28799963155804703,0.5558183425373768,0.4441816574626231,0.8580387285656149,0.14196127143438508,NA,21941.45511726084,15978.47917959321,-0.27176756991730655,1.2861873721238597,2.3333333333333335,2.5,0.17536095120699793,meio_heterogeneo
3355,3355 - Inspetores de polícia e detetives,74244.67810698,14251.602637915712,12230.087518265003,16273.11775756642,80.14490898558742,42.87107671930723,176,6000,7500,11000,17000,30000,62.98551333193365,0.35170002819027935,0.24794127036985392,0.78145993968644345,0.21854006031355652,0.4961278354651124,0.5038721645348877,NA,14427.447061340756,13622.814614672876,-0.05577095124638809,1.2956002398105193,2.727272727272727,1.8333333333333333,0.283689514928316,meio_heterogeneo
2619,2619 - Profissionais em direito não classificados anteriormente,167669.29318292,13703.883693588037,12577.111721058256,14830.655666117818,86.83011723973324,38.177992076850124,447,3500,6000,12000,20000,25000,75.05773672055427,0.3815176829129938,0.2522865120951818,0.43538894292014846,0.5646110570798515,0.6694310206747737,0.3305689793252264,NA,14263.919245302995,13272.023063511157,-0.06953882483024176,1.141990307799003,2.0833333333333335,3.4285714285714284,0.1644456415019037,elite_estavel
1211,1211 - Dirigentes financeiros,129635.98912142,13693.364666337375,11068.018747870603,16318.710584804146,69.83205687875983,45.79155425483821,246,3000,5000,8000,19000,25000,43.30254041570439,0.47459398784326023,0.3509333523176861,0.5048935850349845,0.49510641496501545,0.7695437598376481,0.23045624016235186,NA,17344.939100157077,9969.606599006342,-0.42521524339534544,1.711670583292172,3.125,2.6666666666666665,0.38344789355105735,elite_de_cauda_longa
1330,1330 - Dirigentes de serviços de tecnologia da informação e comunicações,162993.26762521,13569.752465959535,11851.552314963394,15287.952616955676,74.77899102347429,42.49802350680345,250,4000,7000,10000,18000,25000,57.73672055427252,0.37052458206952943,0.25050787004964836,0.7927442063384643,0.20725579366153576,0.786423155586423,0.21357684441357708,NA,14382.910492967958,10459.45912573442,-0.2727856346705194,1.3569752465959535,2.5,2.5,0.2532397190451838,meio_heterogeneo
1349,1349 - Dirigentes e gerentes de serviços profissionais não classificados anteriormente,54317.291472360004,12839.541336413215,9554.252298136842,16124.830374689587,72.71469275317384,42.89255254069949,127,3000,5000,8000,15000,33500,40.415704387990765,0.48510481926513305,0.3371158972777935,0.743736827160406,0.2562631728395941,0.5763965096372967,0.4236034903627034,NA,14630.121668018772,7642.850294748308,-0.4775948916778002,1.6049426670516518,4.1875,2.6666666666666665,0.5117455448286493,elite_de_cauda_longa
2211,2211 - Médicos gerais,245907.69924483,12550.540803705795,11427.335060449326,13673.746546962264,72.14366490090971,42.88489055782472,544,3500,6000,12000,15100,20000,69.28406466512702,0.34555946481920763,0.23982442925134667,0.46079895351248273,0.5392010464875172,0.7271321504788113,0.2728678495211887,NA,14517.779345268957,10869.346994519237,-0.2513078800814442,1.0458784003088162,1.6666666666666667,3.4285714285714284,0.17898921820561234,elite_estavel
1323,1323 - Dirigentes de empresas de construção,60353.59772545,12483.472837550951,9781.015389449332,15185.93028565257,65.73072913199026,47.69623882762486,133,3000,5000,10000,15000,25000,46.18937644341801,0.4323190440094479,0.2615350179849548,0.8613466976143284,0.13865330238567158,0.6919634936031249,0.30803650639687497,NA,12647.923349376259,11461.86784982617,-0.0937747222834473,1.248347283755095,2.5,3.3333333333333335,0.43296564718312724,topo_instavel_amostra_pequena
2144,2144 - Engenheiros mecânicos,117212.2445246,12137.43957911231,10581.638991065356,13693.240167159263,65.29391471693593,43.29525358066022,192,3100,5000,10000,15375,22000,57.73672055427252,0.37714132804764133,0.26574600977137236,0.8424022718290912,0.15759772817090875,0.7567539715299442,0.24324602847005586,NA,12671.451318848165,9283.003110021578,-0.26740805954772007,1.213743957911231,2.2,3.225806451612903,0.2563638859590087,meio_heterogeneo
1221,1221 - Dirigentes de vendas e comercialização,406342.57271141,12085.876203854694,10374.298803545384,13797.453604164004,62.85750328991365,44.75907223254392,692,2800,4000,8000,15000,25000,40.415704387990765,0.4909337001902966,0.36496467594527415,0.6519947527995034,0.3480052472004966,0.7344207428006233,0.26557925719937675,NA,13489.564139716103,9456.03893527371,-0.2990107880926153,1.5107345254818367,3.125,2.857142857142857,0.2832359642676823,elite_de_cauda_longa
2310,2310 - Professores de universidades e do ensino superior,324815.81991459,12046.959232660074,11264.76822776008,12829.150237560068,77.86553957985473,38.13125798760125,798,3100,6000,12000,16000,21000,69.28406466512702,0.3240588692187595,0.20589145530652905,0.5483796196250144,0.45162038037498575,0.7159299233915933,0.28407007660840666,NA,13035.737414104067,10846.336261253084,-0.16795376305157483,1.0039132693883395,1.75,3.870967741935484,0.12985700205233944,elite_estavel
1346,"1346 - Gerentes de sucursais de bancos, de serviços financeiros e de seguros",260669.8583817,11491.918684193337,10009.260609626344,12974.57675876033,64.72201199989802,40.81185859425681,457,3200,5000,8000,15000,20000,46.18937644341802,0.42642713962952494,0.3219161841463478,0.5250541711122841,0.4749458288877158,0.7283592277432985,0.2716407722567015,NA,13268.341744960228,9528.077165887858,-0.2818938983458916,1.436489835524167,2.5,2.5,0.258034905277624,elite_de_cauda_longa
2151,2151 - Engenheiros eletricistas,87198.2834168,10916.459279380617,9300.315210305773,12532.603348455461,58.676332626977626,43.469237607825626,172,4000,5000,9000,13200,20000,46.18937644341802,0.3736591405895676,0.25919901145701285,0.8779326458599841,0.12206735414001589,0.7244889725334729,0.2755110274665271,NA,11284.092938089783,8272.365017064518,-0.26690031157569527,1.2129399199311797,2.2222222222222223,2.25,0.29609308800839346,meio_heterogeneo
0110,0110 - Oficiais das forças armadas,69096.59864824,10723.102299065666,8966.81958640059,12479.385011730741,60.39208765380064,43.358642766172125,149,1700,7000,10000,14000,20000,51.96304849884527,0.3090133791604679,0.21239428621180548,0.7892623104695922,0.21073768953040786,0.592302945719781,0.40769705428021885,NA,10843.820950602827,10270.982500080938,-0.052826254982570875,1.0723102299065665,2,5.882352941176471,0.3275698885793723,elite_estavel
1324,"1324 - Dirigentes de empresas de abastecimento, distribuição e afins",82282.59915135,10486.583092742334,8580.305866951001,12392.860318533667,55.538165764538796,47.03325050159679,186,2100,4000,7000,10000,25000,38.106235565819865,0.4777836098664784,0.3621357304612095,0.789737222287464,0.21026277771253588,0.6493662272985375,0.3506337727014624,NA,11138.252017705405,8038.944893293638,-0.27825794563501494,1.4980832989631905,3.5714285714285716,3.3333333333333335,0.3635649875526471,elite_de_cauda_longa
2512,2512 - Desenvolvedores de programas e aplicativos (software),243198.00104516,10202.340448869678,8464.35621303789,11940.324684701465,56.63480972830375,41.748524180162306,379,2500,4500,7000,12000,20000,40.415704387990765,0.43747976634835195,0.33276449026207716,0.8577608847523115,0.14223911524768856,0.7224899023082939,0.27751009769170615,NA,10079.821103891149,10941.182936500838,0.08545407936626725,1.4574772069813826,2.857142857142857,2.8,0.34070304643173116,elite_de_cauda_longa
2142,2142 - Engenheiros civis,292322.44605251,9902.098112930382,8756.28732542854,11047.908900432223,56.73081486919121,41.984263227945064,622,3000,4500,7000,12000,20000,40.415704387990765,0.4110463765831269,0.31565214374220724,0.7833303492849034,0.21666965071509656,0.6385236815523264,0.36147631844767364,NA,10569.353639395846,7489.755161882947,-0.2913705589369353,1.4145854447043402,2.857142857142857,2.3333333333333335,0.2314278801187833,elite_de_cauda_longa
1219,1219 - Dirigentes de administração e de serviços não classificados anteriormente,527105.5108253,9802.336421361282,8925.842017392906,10678.830825329658,55.265226372588955,43.81065910346293,1128,2500,3800,6000,10100,20000,34.64203233256351,0.4678315753389415,0.35758583928332616,0.5952442027461161,0.40475579725388383,0.7015140725477722,0.2984859274522279,NA,10343.091557850908,9007.088120325256,-0.1291686755408794,1.633722736893547,3.3333333333333335,2.4,0.17883377315194296,elite_de_cauda_longa
2511,2511 - Analistas de sistemas,415968.7607568,9427.044488367543,8724.804426621624,10129.284550113462,52.57627272276353,42.0258589228744,695,3000,5000,7500,12000,17000,40.415704387990765,0.37388928688746514,0.26857819229034596,0.7737609533260568,0.22623904667394323,0.6517668989142906,0.3482331010857094,NA,9781.208712980413,8215.76618738803,-0.16004591779285127,1.2569392651156723,2.2666666666666666,2.5,0.148984140811565,meio_heterogeneo
2611,2611 - Advogados e juristas,1110566.6313682,9325.25113680475,8620.3610141950885,10030.141259414413,55.887188970389715,40.914407226118776,2171,2300,3500,5000,10000,20000,32.992411745298575,0.48925414627325736,0.38754618055859535,0.49490202641260267,0.5050979735873975,0.6947019958160086,0.30462532513356866,6.726790504227923e-4,11354.456966505712,7337.0070145908985,-0.35382140808369866,1.8650502273609502,4,2.1739130434782608,0.15117879663907674,elite_de_cauda_longa
1212,1212 - Dirigentes de recursos humanos,127857.33551378,9261.322327714117,7736.152517429848,10786.492137998386,52.17365003360954,42.59968536931623,223,2500,3242,6000,12000,20000,30.79291762894534,0.4547882133262855,0.32479098845907167,0.37376187405844663,0.6262381259415533,0.5915205166235367,0.40847948337646334,NA,9131.635067653368,9338.724439393172,0.022678235628728727,1.5435537212856862,3.3333333333333335,2.4,0.32936329312721635,elite_de_cauda_longa
2132,2132 - Agrônomos e afins,71679.60036329,9107.102763700635,7885.969809821876,10328.235717579395,51.194564442573935,41.67211773044097,189,3000,5000,7000,11800,16000,40.415704387990765,0.3899660284422616,0.27890792996773844,0.778156861987419,0.2218431380125811,0.7096918298096816,0.2880335000486932,0.0022746701416251633,8926.011301916666,9742.315395909864,0.091452281022534,1.3010146805286622,2.2857142857142856,2.3333333333333335,0.2681715547882007,meio_heterogeneo
2421,2421 - Analistas de gestão e administração,555172.12189858,8764.278159594798,7780.712546044671,9747.843773144925,49.34934345774115,42.248514945848875,918,2500,3260,5000,10000,20000,30.792917628945343,0.4616842433829117,0.35587498595232403,0.5518958832642776,0.4481041167357224,0.6955450264059407,0.3044549735940592,NA,10515.7937788289,6607.069101195353,-0.3717003927466562,1.7528556319189597,4,2,0.2244487442410432,elite_de_cauda_longa
1111,1111 - Legisladores,53753.32308635,8674.400138354262,7469.44354989817,9879.356726810354,102.73862771719352,35.423902585396185,131,3800,5000,6062,10400,18000,52.48792777661138,0.32219003089131737,0.17560285200264408,0.8362745052909138,0.16372549470908623,0.5462230522764824,0.4537769477235177,NA,8592.366285240572,9093.41136230356,0.05831281633368568,1.4309469050402939,2.9693170570768723,1.595263157894737,0.27781900056196873,elite_de_cauda_longa
1342,1342 - Dirigentes de serviços de saúde,68071.11018605,8328.404990250734,6357.351659955958,10299.458320545511,46.25589416067843,42.16071865673717,142,2000,3000,5000,10000,15000,28.86836027713626,0.4834094404657956,0.3683117180115885,0.3223150894072871,0.6776849105927127,0.596739000154349,0.403260999845651,NA,11855.07457876912,6651.078542567119,-0.4389678024903929,1.6656809980501468,3,2.5,0.47333272880031646,elite_de_cauda_longa
2411,2411 - Contadores,640732.48662686,8143.502040718209,7535.095744634249,8751.90833680217,46.67400001804221,41.977425985374715,1264,2500,3500,5200,10000,16000,28.86836027713626,0.43184284443433596,0.3460328072816545,0.4866738462212038,0.5133261537787962,0.6173442356516189,0.38265576434838117,NA,9872.884988640206,6503.910049040252,-0.34123510437691873,1.5660580847535017,3.076923076923077,2.08,0.1494212914890612,elite_de_cauda_longa
1311,1311 - Dirigentes de produção agropecuária e silvicultura,62071.600019620004,7986.25055751728,6643.694218249464,9328.806896785096,44.250988598997566,43.72341477522082,245,2118,3500,5000,10000,15000,28.86836027713626,0.42916168374005415,0.28684571318454966,0.893970586228167,0.10602941377183289,0.6839824841061011,0.314093884847297,0.0019236310466019624,7940.754695519607,8369.84187406025,0.054036070246918255,1.597250111503456,3,2.360717658168083,0.3362169342418383,elite_de_cauda_longa
2261,2261 - Dentistas,393535.2815019,7974.280323612641,7140.832939029798,8807.727708195485,56.09894265115486,38.15208322323647,773,2500,3500,5000,10000,15000,34.64203233256351,0.4234508821281219,0.3250046379954044,0.370909706871899,0.6290902931281009,0.745924051081587,0.2540759489184129,NA,8713.551468253774,7538.408324707294,-0.13486385520621513,1.5948560647225283,3,2,0.2090338816193664,elite_de_cauda_longa
1112,1112 - Dirigentes superiores da administração pública,87144.7742931,7941.960428789072,6759.808112391245,9124.112745186898,44.93550458473561,41.394291304614704,221,2600,3242,6000,10000,15000,31.977260614674012,0.41216683124866327,0.30542123145896694,0.6062350956290563,0.3937649043709438,0.5444011994325214,0.4555988005674786,NA,8056.622928476141,7765.4276024979445,-0.03614359621436003,1.3236600714648452,2.5,2.3076923076923075,0.29769786112572505,meio_heterogeneo
1321,1321 - Dirigentes de indústria de transformação,236891.16787313,7905.008712505639,7204.675309241485,8605.342115769792,43.27158767677449,43.73519724961483,458,2500,3500,6000,10000,16000,31.492756665966827,0.3886891928701134,0.2811097967970727,0.7531774727116699,0.24682252728833004,0.6712556061914144,0.32874439380858556,NA,8719.929088107196,5418.284037493189,-0.3786320986390823,1.3175014520842732,2.6666666666666665,2.4,0.17718725651908107,meio_heterogeneo
0512,0512 - Graduados e praças do corpo de bombeiros,61354.83987183,7802.8363991204815,7040.424737111983,8565.248061128981,43.55164478023776,44.56043088075041,145,4000,5200,6500,9000,12000,36.74154944362796,0.2517214006964783,0.2048302904511356,0.8946696590039157,0.10533034099608425,0.46977141999458566,0.5302285800054144,NA,7863.47188467053,7287.802187063618,-0.0732080823903184,1.2004363690954587,1.8461538461538463,1.625,0.19541910736317286,elite_estavel
2131,"2131 - Biólogos, botânicos, zoólogos e afins",80192.82230685,7572.604525974215,3675.215336102549,11469.993715845882,39.418776035542386,42.99161818941416,169,2500,3300,4500,6000,11000,24.494366295751973,0.4992145312591394,0.43992182913586747,0.2097481707853949,0.7902518292146051,0.7038993501396982,0.29610064986030193,NA,6882.865050384673,7755.674767604869,0.1268090701809439,1.6828010057720477,2.4444444444444446,1.8,1.0293391597312465,elite_de_cauda_longa
5412,5412 - Policiais,154409.35267617,7371.821122769586,6778.753725238642,7964.888520300529,41.957567278449766,42.73427906185671,367,2500,4000,5500,9000,14000,30.79291762894534,0.36121258392405553,0.2721194892770933,0.8539522477840792,0.14604775221592078,0.4302520721483013,0.5697479278516987,NA,7493.7927241295765,6658.643949092869,-0.11144540632243238,1.3403311132308338,2.5454545454545454,2.2,0.16090119053462026,meio_heterogeneo
3311,"3311 - Agentes e corretores de bolsa, câmbio e outros serviços financeiros",107819.00779065,7356.092712084669,6229.048233028752,8483.137191140586,46.90770841518676,39.28767625900987,180,2800,3500,5000,8904,15000,33.67975365665897,0.39370662566126013,0.3006736014448096,0.7031446725338387,0.2968553274661613,0.689325298614139,0.3106747013858609,NA,7933.246302588442,5989.0211629215,-0.24507308427227126,1.4712185424169337,3,1.7857142857142858,0.30642476194036977,meio_heterogeneo
0412,0412 - Graduados e praças da polícia militar,389680.84417541,7322.979758604243,6928.7573283503825,7717.202188858104,40.709833723268126,43.037470619805234,812,4000,5000,6779,8105,11000,36.518475750577366,0.23244627636181692,0.20490891976202513,0.8775185066111293,0.1224814933888706,0.40398573878265076,0.5960142612173494,NA,7379.530473155361,6917.8222347395085,-0.0625660724751278,1.0802448382658567,1.6226582091753945,1.69475,0.10766721833162607,elite_estavel
5413,5413 - Guardiões de presídios,108809.91951049,7260.519277081752,6712.964249923582,7808.074304239922,41.42487097286035,42.83316272753782,244,4000,5000,6400,8500,12000,34.0921588034752,0.2563722641800086,0.20526784707319762,0.797069806502878,0.20293019349712196,0.5316693301300787,0.4683306698699213,NA,7016.054811199522,8220.727519924347,0.17170229440081353,1.1344561370440238,1.875,1.6,0.15083081698758344,elite_estavel
2514,2514 - Programadores de aplicações,62949.84094299,7204.166918859888,6258.351873952508,8149.981963767268,43.82967052849522,41.892066495383155,121,2600,3500,6000,10000,12000,34.64203233256351,0.326316129961676,0.22986762737400376,0.9564979498926764,0.04350205010732357,0.696694685637388,0.3033053143626119,NA,7269.2051522796555,5774.143810128833,-0.20567053905225996,1.200694486476648,2,2.3076923076923075,0.2625744393654505,elite_estavel
3411,3411 - Profissionais de nível médio do direito e serviços legais e afins,426423.61644872,7190.54975613751,6296.84124490857,8084.258267366449,49.62508911701558,35.80592777064098,907,1000,1621,3500,10000,16000,20.995171110644552,0.5437179474803013,0.3717574328841241,0.40197388574873466,0.5980261142512654,0.5915532019338682,0.4084467980661319,NA,8944.885389491417,6011.341867649811,-0.3279576421725846,2.0544427874678597,4.571428571428571,3.5,0.24857863210420392,teto_alto_base_distante
2161,2161 - Arquitetos de edificações,164662.67411639,7040.691397601186,6022.527570045904,8058.855225156467,41.6440476125912,40.073753678701436,359,2000,3000,5000,8000,13500,28.86836027713626,0.4322124051153917,0.31582827823934495,0.3763386212846146,0.6236613787153854,0.7968542939465694,0.20314570605343063,NA,8370.208849742803,6238.415063056587,-0.2546882431436249,1.408138279520237,2.7,2.5,0.2892226828467946,meio_heterogeneo
2413,2413 - Analistas financeiros,233813.05004061,6970.119065125646,6012.571009102514,7927.667121148777,39.64725720095957,41.20252572827092,311,2000,3300,5000,8000,13000,28.16425392891342,0.4199024534296325,0.3323671528026369,0.4515799295574021,0.5484200704425979,0.7392104621804927,0.2607895378195072,NA,8567.400143875362,5654.886242878551,-0.33995306068188036,1.3940238130251292,2.6,2.5,0.2747580197916951,meio_heterogeneo
1345,1345 - Dirigentes de serviços de educação,147204.42970383,6831.4171782072035,6282.327559805311,7380.5067966090965,38.276470479799585,42.24443871370349,376,2800,4000,6000,8400,12000,32.225146355873036,0.3052009551547443,0.23009754100946303,0.2969674473215436,0.7030325526784565,0.5441763983592662,0.45582360164073377,NA,8173.817647817,6264.374814059963,-0.2336047751526481,1.1385695297012006,2,2.142857142857143,0.16075423417370413,elite_estavel
2250,2250 - Veterinários,160628.64904678,6610.375892243988,4946.371998678634,8274.379785809344,39.683129275773275,40.69989944848636,314,2000,3000,4000,7000,12000,24.24942263279446,0.4490466908295493,0.3595911045560012,0.4359161193799734,0.5640838806200266,0.7752093662310868,0.22479063376891312,NA,8158.496227856448,5414.010188101499,-0.3363960665182574,1.652593973060997,3,2,0.5034521245660918,teto_alto_base_distante
3322,3322 - Representantes comerciais,300939.26192089,6414.625648845508,5403.112733003549,7426.138564687468,38.23481543533963,42.75790298526195,577,2000,3000,5000,7000,12500,24.634334103156274,0.423532464116251,0.3376197577808611,0.7367937741559217,0.26320622584407827,0.614177214909657,0.3858227850903431,NA,7084.015774300807,4540.800379951281,-0.35900758487519624,1.2829251297691016,2.5,2.5,0.31537706834817697,meio_heterogeneo
7111,7111 - Construtores de casas,47715.46793433,6390.820779221779,5003.3103295125275,7778.331228931031,36.4107028466482,41.84444856472549,121,2000,3000,5000,6000,15000,26.24396388830569,0.4237022342728466,0.3314492966227937,0.9869844017743945,0.013015598225605465,0.37227038818202507,0.6277296118179749,NA,6188.509401052498,21732.272712006252,2.5117136136708753,1.2781641558443557,3,2.5,0.43421979668727656,teto_alto_base_distante
1412,1412 - Gerentes de restaurantes,238398.63797771,6186.989410238282,5429.553724429864,6944.425096046701,33.006600498734336,47.01029443870229,504,2000,2800,4400,8000,15000,21.994941163532385,0.4297991445411775,0.3222630599678855,0.6102825149289367,0.38971748507106324,0.5366215279531978,0.46337847204680216,NA,6766.749827695431,5279.107010357039,-0.21984599035265973,1.4061339568723368,3.409090909090909,2.2,0.24484790116336952,teto_alto_base_distante
2431,2431 - Profissionais da publicidade e da comercialização,478678.50413244,6006.785419777256,5483.297991738142,6530.27284781637,34.12711396268635,41.64468891862165,751,1800,3000,4500,7000,10000,24.05696689761355,0.41449791394381597,0.3129219185663534,0.5255046034690168,0.4744953965309832,0.7179153894331952,0.28136356314004485,7.210474267599542e-4,6552.971542626542,5401.883193103174,-0.17565898799279578,1.3348412043949458,2.2222222222222223,2.5,0.1742986943783739,meio_heterogeneo
1420,1420 - Gerentes de comércios atacadistas e varejistas,559533.20322096,5965.2907280863965,5489.649861147187,6440.931595025606,32.91363033267765,46.220364311094635,1254,2000,2735,4000,6000,11000,19.24557351809084,0.44426112448231936,0.3706279038216772,0.5843086883504233,0.4156913116495767,0.54644453559214,0.45355546440786,NA,6875.371486237406,4686.05279554945,-0.31842914889331686,1.491322682021599,2.75,2,0.15946946716268098,meio_heterogeneo
2262,2262 - Farmacêuticos,246391.09708887,5719.614046635834,5123.58541110613,6315.642682165538,31.22722853561021,43.56496522632131,448,2600,4000,4500,6000,9000,24.364896073903004,0.315633691377439,0.2866540383164833,0.28379795567430294,0.716202044325697,0.6418582315749747,0.35814176842502526,NA,6321.786247875403,5481.000877307922,-0.13299807010242537,1.271025343696852,2,1.7307692307692308,0.20841568353035164,meio_heterogeneo
3334,3334 - Agentes imobiliários,400421.72429638,5707.986405635815,5195.548678219328,6220.424133052301,37.93716429656158,39.77803814500752,817,1621,2900,4000,7000,10000,24.05696689761355,0.4131143545326882,0.3131408554293596,0.5958921284031521,0.404107871596848,0.6494951379618021,0.3505048620381979,NA,5962.7884262767075,5332.258712430668,-0.10574410305544846,1.4269966014089537,2.5,2.4676125848241828,0.1795511380021956,meio_heterogeneo
2634,2634 - Psicólogos,453534.58821251,5660.702203943763,5236.008971573804,6085.395436313723,44.99208580571504,33.47347552136556,901,2000,3000,4500,7000,10000,30.79291762894534,0.37948376856795707,0.2829574509093039,0.1673762530155933,0.8326237469844067,0.6581409563784548,0.34185904362154523,NA,6734.530552578775,5444.838356644898,-0.19150439453274593,1.2579338230986141,2.2222222222222223,2.25,0.15004966418268006,meio_heterogeneo
2221,2221 - Profissionais de enfermagem,580308.54774627,5580.15937318647,5288.060023700598,5872.258722672341,32.22299275647717,43.14359165082477,1203,3000,3500,4750,6000,9000,26.24396388830569,0.28926943682791983,0.24748724234034858,0.14016830511560016,0.8598316948843998,0.5302355352196306,0.4697644647803695,NA,6942.843504040311,5358.016916510239,-0.22826765238303293,1.1747703943550463,1.894736842105263,1.5833333333333333,0.10469211717839239,elite_estavel
2330,2330 - Professores do ensino médio,680302.02270887,5510.410276382853,5313.43445068992,5707.386102075787,34.55110035936501,38.523369090991366,1621,2500,3500,5000,6500,10000,28.86836027713626,0.2940596797818129,0.23113780747062437,0.43774832356538745,0.5622516764346126,0.5291125908766121,0.4706500192950041,2.3738982838378432e-4,5934.946081416201,5179.882427848386,-0.12722333837742994,1.1020820552765707,2,2,0.07149225404763601,elite_estavel
2351,2351 - Especialistas em métodos pedagógicos,370541.52028385,5399.788747104994,4950.350065083565,5849.227429126424,32.58044339666385,39.64492166860212,876,1900,3000,4500,6500,10000,25.981524249422634,0.3583143754521495,0.2755005663049429,0.17388514203251149,0.8261148579674884,0.5445914142726238,0.45540858572737614,NA,7105.619367311193,5040.736253596114,-0.29059861033570145,1.199953054912221,2.2222222222222223,2.3684210526315788,0.16646528339183211,elite_estavel
3321,3321 - Agentes de seguros,186099.56500817,5397.927601488103,4514.372077711603,6281.483125264604,31.96005006464261,41.095119580791994,313,1850,2600,3500,5500,11000,20.207852193995382,0.41761795191420226,0.34199003194500555,0.5121194019749911,0.4878805980250089,0.6855377812540785,0.3144622187459215,NA,5938.00668148655,4831.016401109049,-0.18642455957970927,1.542265028996601,3.142857142857143,1.8918918918918919,0.32736842321965237,teto_alto_base_distante
3323,3323 - Agentes de compras,170423.67359353,5354.831961360737,4839.764826803186,5869.899095918288,29.801283133083434,42.401197913735245,293,2300,3000,4000,7000,10000,23.09468822170901,0.3274147957793415,0.24284639682527379,0.5402181752769424,0.4597818247230576,0.5813991610429741,0.4186008389570259,NA,5434.937112474366,5260.712846080455,-0.03205635369616844,1.3387079903401844,2.5,1.7391304347826086,0.19237471437914752,meio_heterogeneo
3341,3341 - Supervisores de secretaria,471419.44635902,5273.208460641191,4917.146390191758,5629.270531090624,29.97448514762188,42.132018781245634,932,2000,2900,4000,6000,9500,23.094688221709006,0.35705834769381284,0.29002372990459196,0.5302023039380238,0.4697976960619763,0.5440403700368327,0.4559596299631674,NA,5517.344373816989,4997.682580619113,-0.09418694175842535,1.3183021151602978,2.375,2,0.13504570248153552,meio_heterogeneo
3343,3343 - Secretários executivos e administrativos,301654.38832178,5229.875036055336,4447.0425371945485,6012.707534916123,31.3691046494373,38.296909906547356,609,1500,2000,3500,6000,10000,20.785219399538104,0.4632534477361405,0.3478986633510664,0.3214904207528412,0.6785095792471588,0.5914733487268407,0.4085266512731593,NA,5427.616294210336,5136.181561078927,-0.0536947929503202,1.4942500103015246,2.857142857142857,2.3333333333333335,0.2993694852989235,teto_alto_base_distante
4221,4221 - Trabalhadores de agências de viagem,71370.18724708,5208.4904634232,3197.295934555138,7219.684992291262,31.370701179033237,39.745216989536985,124,1621,2000,3700,10000,10000,20.25849844009562,0.3835778036056331,0.08811323211260014,0.41140502142344176,0.5885949785765582,0.7079493039803845,0.29205069601961553,NA,3753.635343866453,6225.377666702996,0.6584929265639616,1.4077001252495134,2.7027027027027026,2.282541640962369,0.7722754003263491,topo_instavel_amostra_pequena
3332,3332 - Organizadores de conferências e eventos,185262.94610864,5171.045224828852,4095.0923827309266,6246.998066926777,38.45236368979471,36.893603787349406,360,1500,2000,3200,7000,10000,23.094688221709006,0.4662160018867991,0.33872672825822653,0.4972287292416859,0.5027712707583141,0.550936769208702,0.44906323079129795,NA,5891.184245670634,4458.84500370158,-0.24313265079456037,1.6159516327590162,3.125,2.1333333333333333,0.41614520674919697,teto_alto_base_distante
2269,2269 - Profissionais da saúde não classificados anteriormente,80876.55619234,5144.620007829418,4029.259549274432,6259.980466384403,34.49473253977901,35.62278156615453,143,1500,2500,4500,6000,10000,27.71362586605081,0.3996283582419281,0.300716614611186,0.1639653729653486,0.8360346270346515,0.5964763381927853,0.4035236618072147,NA,7121.898252291125,4756.830848952872,-0.33208385174239285,1.1432488906287595,2.2222222222222223,3,0.43360265942190385,elite_estavel
2264,2264 - Fisioterapeutas,318681.9764868,4962.66164523136,4619.297754817402,5306.025535645318,32.53936186042525,38.611598386555706,641,2000,2600,4000,6000,10000,25.660764690787786,0.34072295074694114,0.25848273635136276,0.2113794585642662,0.7886205414357338,0.6177708287008021,0.3822291712991978,NA,4967.066142089201,4961.4810772494975,-0.0011244192607740011,1.2406654113078401,2.5,2,0.13837892444023364,meio_heterogeneo
2423,2423 - Especialistas em políticas e serviços de pessoal e afins,282434.51767728,4925.611956038187,4289.299976334025,5561.9239357423485,27.71916278361298,41.848909478972715,458,2000,2500,3500,6000,10000,20.207852193995382,0.3755516149667931,0.27888468891372536,0.22233708165718122,0.7776629183428188,0.5558059205354272,0.4441940794645728,NA,5140.202326933116,4864.259671274265,-0.05368322842332374,1.407317701725196,2.857142857142857,1.75,0.25836870032935605,meio_heterogeneo
2642,2642 - Jornalistas,239030.15675017,4922.186050469087,4118.986980600758,5725.385120337415,34.5249408790357,37.82484661224199,427,1200,1800,3500,6000,9000,23.094688221709006,0.4573063976342955,0.3428384068642547,0.44416757114557887,0.5558324288544212,0.6413836184381407,0.35861638156185927,NA,5559.024957118253,4413.285929329426,-0.2061043144484762,1.4063388715625962,2.5714285714285716,2.9166666666666665,0.32635867951061426,meio_heterogeneo
2265,2265 - Dietistas e nutricionistas,155449.99568916,4881.518825962199,4039.5170057529913,5723.520646171407,37.39410205318998,36.31500250886334,343,1621,2200,3500,5000,8000,23.09468822170901,0.42037673056222213,0.3501340293525194,0.13645617558591663,0.8635438244140834,0.6642412266837416,0.33575877331625825,NA,4136.7647547279485,4999.203985000446,0.20848157471048046,1.3947196645606283,2.2857142857142856,2.1591610117211597,0.3449753448582636,topo_instavel_amostra_pequena
3142,3142 - Técnicos agropecuários,39635.02667869,4858.700727656625,4090.4879609335267,5626.913494379723,28.06120616057273,41.66106877169272,120,1800,2500,3500,6500,10000,18.475750577367204,0.36333425620338355,0.23360579686903588,0.7860478478820018,0.21395215211799817,0.5188028557108475,0.4811971442891524,NA,5268.195047201806,3354.2422521893122,-0.36330332834375356,1.3882002079018927,2.857142857142857,1.9444444444444444,0.3162214796850066,meio_heterogeneo
3123,3123 - Supervisores da construção,171236.21593811,4805.940523900432,4340.003471018792,5271.877576782072,28.135568997441087,42.8589569539157,313,2000,2600,4000,5550,8000,20.995171110644552,0.3259265387643323,0.2631242864519354,0.9452471174952345,0.054752882504765565,0.4289846786584554,0.5710153213415445,NA,4819.691801333914,4568.540139459576,-0.05210948588140607,1.201485130975108,2,2,0.19390046571092065,meio_heterogeneo
3257,"3257 - Inspetores de saúde laboral, ambiental e afins",203011.57832504,4792.806820563274,4321.077427293363,5264.536213833186,27.06086701210096,42.04261397577851,396,1900,2700,3500,5500,8000,20.207852193995382,0.3546666046104241,0.2816135572058648,0.5821482784721693,0.4178517215278307,0.4287563402328563,0.5712436597671438,NA,5051.593279888174,4432.267222360699,-0.12260014280903964,1.3693733773037926,2.2857142857142856,1.8421052631578947,0.19684890751114031,meio_heterogeneo
4312,"4312 - Trabalhadores de serviços estatísticos, financeiros e de seguros",126725.75630565001,4762.9462853555115,4312.407633315328,5213.484937395695,29.033019776373063,38.9440687227641,248,1700,3000,4000,5075,8700,24.24942263279446,0.30421048538584705,0.2294727636801571,0.47334246794647555,0.5266575320535245,0.6826015504071078,0.31739844959289226,NA,5305.693343604538,4275.143080451999,-0.19423479579624803,1.1907365713388778,2.175,2.3529411764705883,0.1891848553595665,meio_heterogeneo
3313,3313 - Contabilistas e guarda livros,167353.98935025,4727.08555508203,3923.310156084716,5530.860954079344,31.639489239664208,39.03556991804027,330,1621,2100,3000,5600,10000,18.71824480369515,0.4103457610885495,0.24233408851744867,0.4659782606052559,0.5340217393947442,0.5778772156413823,0.42212278435861783,NA,5505.315399224648,4048.015467906014,-0.26470780066912714,1.5756951850273433,3.3333333333333335,1.8507094386181369,0.34007228751473956,teto_alto_base_distante
3122,3122 - Supervisores de indústrias de transformação,279981.38158167,4570.271942829773,4193.949739285175,4946.594146374371,24.687948524717335,43.086505078391234,496,2000,2500,4000,6000,8000,20.470291832878438,0.31664298932122514,0.234233753744448,0.7744656987947942,0.2255343012052057,0.5800002989334895,0.4199997010665104,NA,4607.589837080772,4442.125452942398,-0.03591126597397121,1.1425679857074433,2,2,0.16468263081587683,meio_heterogeneo
2166,2166 - Desenhistas gráficos e de multimídia,159439.77564764,4514.044009656039,3929.4370375711737,5098.650981740904,28.130015208962462,38.56338830306721,295,1500,2000,3000,5000,10000,19.24557351809084,0.4170560894299482,0.2886552842235854,0.6439958907896886,0.3560041092103115,0.6674000439275272,0.33259995607247295,NA,4769.576236449145,4051.7973676604443,-0.15049111979874186,1.5046813365520129,3.3333333333333335,2,0.25901695722696827,teto_alto_base_distante
2320,2320 - Professores de formação profissional,111839.36838181,4450.922574291319,3537.907786815127,5363.93736176751,27.00268139074593,38.755385946299214,213,1600,2000,3000,5000,8000,18.71824480369515,0.42013995751946376,0.33442835087569195,0.6134131057959192,0.38658689420408077,0.525424074983845,0.47457592501615503,NA,4912.0702986420165,3719.200774960605,-0.2428445545682012,1.483640858097106,2.6666666666666665,1.875,0.41025866985410897,topo_instavel_amostra_pequena
2341,2341 - Professores do ensino fundamental,1488103.02378275,4409.453173878678,4271.734975106055,4547.171372651302,30.076650426071176,35.367570759727464,3798,1800,2600,4000,5160,7434,27.713625866050812,0.2965138905677559,0.2306451879959291,0.2065466550815787,0.7934533449184212,0.4772917850082883,0.5227082149917117,NA,4718.210078525075,4329.079568679985,-0.0824741805406709,1.1023632934696694,1.8585,2.2222222222222223,0.06246497846420387,meio_heterogeneo
3115,3115 - Técnicos em engenharia mecânica,214570.7662641,4403.175588615615,3900.501767412583,4905.8494098186475,24.362868363912625,42.126746869819286,403,1621,2000,3000,5000,9000,17.321016166281755,0.40291298460949576,0.3131207125225326,0.9608055476544333,0.03919445234556671,0.4527529955741871,0.5472470044258129,NA,4485.624438013597,2382.039760492067,-0.468961391349356,1.4677251962052051,3,1.8507094386181369,0.22832331397489236,meio_heterogeneo
0210,0210 - Graduados e praças das forças armadas,256575.21899464,4368.5141619851165,3906.9146200957957,4830.113703874437,25.12676120099965,42.5961352476434,524,1621,2000,3000,6000,9000,17.321016166281755,0.3657380803357664,0.24959171060788246,0.9057102524872233,0.09428974751277672,0.3669551706973185,0.6330448293026816,NA,4161.530551039943,6356.7173704460065,0.5274950628098833,1.4561713873283721,3,1.8507094386181369,0.21133022568916807,meio_heterogeneo
2635,2635 - Assistentes sociais,158045.38599562,4315.575263730074,3677.7932242990464,4953.357303161101,28.23055797992814,36.711354484620614,346,1621,2300,3200,5000,8000,20.207852193995382,0.3611997364332995,0.28607255951144955,0.07418929117952831,0.9258107088204716,0.467463679444571,0.532536320555429,NA,5592.060483934322,4213.284878896708,-0.24655949430424795,1.348617269915648,2.5,1.974090067859346,0.2955722009027248,meio_heterogeneo
5221,5221 - Comerciantes de lojas,3217584.23401134,4152.792693868725,3946.2830424320186,4359.302345305431,24.379935928472833,45.7719909551867,7588,800,1601,3000,5000,8000,14.434180138568129,0.49214447170188347,0.3784736239039724,0.5632187804068918,0.4367812195931082,0.49494018968320425,0.504845372201611,2.1443811518488695e-4,4771.912083985808,3354.453268577409,-0.29704210607007797,1.384264231289575,2.6666666666666665,3.75,0.09945579597151653,meio_heterogeneo
3114,3114 - Técnicos em eletrônica,135636.36382115,4112.805839652794,3575.0785475934417,4650.533131712146,23.509875120028912,41.769553526970206,237,1621,2000,3000,5000,7000,17.321016166281755,0.35515774917344645,0.28653558761148445,0.96025088977489,0.0397491102251099,0.5555174109313656,0.4444825890686343,NA,4133.643788768207,3609.4069191275657,-0.12682197509738968,1.3709352798842647,2.3333333333333335,1.8507094386181369,0.2614892669500526,meio_heterogeneo
3513,3513 - Técnicos de redes e sistemas de computadores,269266.10086354,4106.089059911389,3669.540321106995,4542.637798715783,22.458972307921446,42.30041892830069,507,1621,2000,3000,5000,8000,16.166281755196305,0.3793641296111657,0.30254085038929796,0.8621816631298246,0.13781833687017547,0.5786363059910045,0.42136369400899554,NA,4113.941196732694,4056.9666532893134,-0.013849138993194732,1.3686963533037964,2.6666666666666665,1.8507094386181369,0.21263481255996663,meio_heterogeneo
3511,3511 - Técnicos em operações de tecnologia da informação e das comunicações,228432.1075964,4099.509995707791,3619.4994412714186,4579.520550144163,23.932882916592437,38.39830071897207,396,1000,2000,3000,5000,8000,17.321016166281755,0.42338367776508057,0.32392682506018616,0.8483912313747536,0.1516087686252464,0.598854424624176,0.40114557537582396,NA,4181.5390704758465,3640.4814818424397,-0.12939197255230617,1.366503331902597,2.6666666666666665,3,0.23417947751753063,meio_heterogeneo
3112,3112 - Técnicos em engenharia civil,139350.66568674,4093.895619768565,3648.618677540283,4539.172561996847,23.949091553616704,40.36015938473458,289,1621,2000,3100,5000,8000,17.802155504234026,0.35915431311074797,0.2721025292266109,0.7963992933466141,0.2036007066533859,0.4842961688926597,0.5157038311073402,NA,4314.797874483251,3229.820035527344,-0.25145507866596095,1.3206114902479242,2.5806451612903225,1.9123997532387416,0.21753214228429912,meio_heterogeneo
7233,7233 - Mecânicos e reparadores de máquinas agrícolas e industriais,603343.6837078,3977.706319973793,3764.886328987706,4190.526310959881,21.72076194444855,43.21600647183227,1200,1621,2200,3150,5000,7000,17.321016166281755,0.3266215217142394,0.2550356906631156,0.9693433769373346,0.030656623062665336,0.4527741906285052,0.5472258093714948,NA,4003.8433419980365,3151.2699202347817,-0.21293875632451575,1.2627639111027915,2.2222222222222223,1.9432449105490437,0.10700638703135312,meio_heterogeneo
3339,3339 - Agentes de serviços comerciais não classificados anteriormente,242923.03215335,3940.8349294658274,3594.3363981276816,4287.333460803973,27.19439263787623,38.46049879343562,471,1500,1800,3000,4800,7500,18.71824480369515,0.39331651905245646,0.2959876706881105,0.6258744535185208,0.37412554648147917,0.5797649594849575,0.42023504051504246,NA,4373.632663795218,3216.8078000570886,-0.2644997768821068,1.3136116431552758,2.5,2,0.17585031473780252,meio_heterogeneo
8350,8350 - Marinheiros de coberta e afins,62768.01847729,3887.1838840209125,3230.7165971370614,4543.651170904764,21.385471168246344,42.88197028240328,187,1500,1700,3000,5000,9000,17.321016166281755,0.4196024198461017,0.3050440063371951,0.9433575781025116,0.056642421897488276,0.31372609054553346,0.6862739094544665,NA,3791.139799674926,5486.760875338109,0.447258915592766,1.295727961340304,3,2,0.33775983152348316,teto_alto_base_distante
3521,3521 - Técnicos de radiodifusão e gravação audiovisual,144529.04679389,3824.204853727505,3287.2796875408353,4361.130019914174,24.057808909611694,38.89972648706299,262,1500,2000,3000,4500,7000,16.839876828329484,0.3944222647401855,0.3236935949682627,0.7569963306872458,0.24300366931275402,0.5138093481668862,0.4839575995659786,0.002233052267135301,3932.5213987829443,3486.781030492325,-0.11334722003765041,1.2747349512425017,2.3333333333333335,2,0.2808035587650704,meio_heterogeneo
2342,2342 - Professores do ensino pré-escolar,851723.37099562,3814.9471806491965,3636.5085637637903,3993.3857975346027,26.34625593644056,34.84336703025498,1774,1621,2200,3242,5000,6000,23.09468822170901,0.2990526877912696,0.22983129738510835,0.03965425970889989,0.9603457402911002,0.4780857706389907,0.5219142293610093,NA,5877.094597009672,3729.797712311254,-0.36536707879280783,1.1767264591761866,1.8507094386181369,2,0.09354709695091556,meio_heterogeneo
3422,"3422 - Treinadores, instrutores e árbitros de atividades esportivas",56296.72179051,3811.701398035945,2300.010567350395,5323.3922287214955,28.91677929331529,31.163253982080168,120,800,1618,2200,4500,7000,18.475750577367208,0.5136591980825637,0.40874887270033605,0.7380146182818013,0.2619853817181988,0.41710919277946956,0.5828908072205304,NA,3953.4070958366697,3412.5154748181017,-0.1368165756539924,1.7325915445617932,3.1818181818181817,2.75,0.7931842884988205,teto_alto_base_distante
3431,3431 - Fotógrafos,146958.28450188,3811.3857461844023,3333.663162293298,4289.108330075506,27.68550739561884,37.126314499780534,257,1000,1621,3500,4500,6000,18.475750577367204,0.3802520621179819,0.28711175151652024,0.515237677294752,0.484762322705248,0.4813928222906343,0.5186071777093656,NA,4036.592596131444,3572.0209093504664,-0.11509006066805205,1.0889673560526865,1.7142857142857142,3.5,0.25068183369754937,meio_heterogeneo
3113,3113 - Eletrotécnicos,207652.69468806,3799.5803619599606,3523.321809501409,4075.838914418512,21.190192077381774,41.825718380977065,381,1700,2500,3400,4200,6000,17.96253528355145,0.2943704645849867,0.24168615562618542,0.9502198159497115,0.049780184050288535,0.3236723536865551,0.6763276463134449,NA,3840.3120283432836,3022.0814982557417,-0.213063554223881,1.1175236358705767,1.7647058823529411,2,0.1454152965018734,meio_heterogeneo
3211,3211 - Técnicos em aparelhos de diagnóstico e tratamento médico,71658.67548666,3724.3330320130476,3259.7019904320546,4188.96407359404,23.755834724503124,37.852296131471896,152,1621,2449,3050,4000,5500,20.207852193995382,0.2906967419613139,0.24537767148569112,0.49200513493587167,0.5079948650641282,0.5186794237853194,0.48132057621468055,NA,4148.769369663655,3313.256322505141,-0.2013881642271791,1.221092797381327,1.8032786885245902,1.8815545959284392,0.24951100644716193,meio_heterogeneo
3119,3119 - Técnicos em ciências físicas e da engenharia não classificados anteriormente,141621.43818735,3716.022769000324,3244.2608584872487,4187.784679513399,23.85671517224434,37.80304974666991,256,850,1621,2600,5000,8000,16.166281755196305,0.41145007061833283,0.27386649981830397,0.5681646471314912,0.4318353528685088,0.6183621632705767,0.38163783672942336,NA,4309.117131469284,2935.6900636544965,-0.3187258609854703,1.4292395265385862,3.076923076923077,3.0588235294117645,0.25390689984388204,teto_alto_base_distante
8332,8332 - Condutores de caminhões pesados,2017116.97154191,3626.1140110124015,3487.032216280774,3765.1958057440293,19.022438516321646,45.073757590165016,4369,1621,2200,3000,4000,6000,15.746378332983413,0.3156558434461366,0.26989572484545726,0.9887185799149888,0.011281420085011266,0.45611319063790556,0.5437611816154416,1.2562774665283457e-4,3637.503565878117,2627.918355869995,-0.2775489265436367,1.208704670337467,2,1.8507094386181369,0.07671120891910205,meio_heterogeneo
7123,7123 - Gesseiros,142647.53203308,3624.3535454100097,2072.1143895225237,5176.592701297495,20.90844079267153,40.69050822758965,295,1000,1620,2300,3500,5000,13.196964698119432,0.48285195260510283,0.41921811578352935,0.9805817339744255,0.019418266025574445,0.3138583232276852,0.6861416767723147,NA,3623.5554646087767,3664.65495311008,0.011342309757011115,1.5758058893087,2.1739130434782608,2.3,0.856560562560619,topo_instavel_amostra_pequena
2353,2353 - Outros professores de idiomas,105072.61850427,3603.607421001741,3041.919779418994,4165.295062584488,33.747220085025035,30.92122360592752,182,1000,1600,2500,5000,7000,23.09468822170901,0.4095527504826082,0.28380130048596125,0.3641389188303623,0.6358610811696377,0.7441485931560036,0.2558514068439963,NA,4144.384509099402,3293.920305341364,-0.20520880769889005,1.4414429684006964,2.8,2.5,0.3117363108474271,teto_alto_base_distante
5244,5244 - Vendedores por telefone,344455.88824679,3558.7740765619574,3037.5484535262194,4079.9996995976953,23.533379881871458,39.25588546666852,553,1000,1621,2200,4000,7000,14.626635873749038,0.44112764730491194,0.3439558899724259,0.48322041815823463,0.5167795818417653,0.630335120659803,0.36966487934019693,NA,4382.052571812744,2788.958486483984,-0.3635497427794978,1.6176245802554352,3.1818181818181817,2.2,0.2929242552757274,teto_alto_base_distante
3423,3423 - Instrutores de educação física e atividades recreativas,414594.63931254,3522.47039021249,3167.5999233165135,3877.340857108467,24.126694664381027,36.653464561033644,801,1000,1621,2500,4500,7000,16.936104695919937,0.42086665972185855,0.31850996425988415,0.6313599245945262,0.3686400754054739,0.5078981719521981,0.49210182804780184,NA,3635.7300926918747,3328.4935494191222,-0.08450477220251418,1.4089881560849962,2.8,2.5,0.2014895386385743,teto_alto_base_distante
3512,3512 - Técnicos em assistência ao usuário de tecnologia da informação e das comunicações,95114.20280913,3495.8241380491445,2917.789476877735,4073.858799220554,20.50557967870345,40.635424865305694,124,1621,1800,3000,4400,6000,15.746378332983413,0.3484203554605304,0.2535466413853436,0.8681540585749802,0.1318459414250197,0.6322325445929903,0.3677674554070098,NA,3667.7410137700517,2363.8186187172205,-0.3555110325831148,1.1652747126830483,2,1.8507094386181369,0.3307000800640867,meio_heterogeneo
3212,3212 - Técnicos de laboratórios médicos,71879.9942423,3474.538442261546,2975.6716801651282,3973.405204357964,19.932008704343094,41.500346086064866,153,1621,1800,3000,4000,5600,14.434180138568129,0.3368630185484953,0.2832281003122734,0.2956256982752376,0.7043743017247623,0.4325672800044884,0.5674327199955116,NA,4856.395173088109,2894.573557161908,-0.40396663492248475,1.1581794807538488,1.8666666666666667,1.8507094386181369,0.28715570161987325,meio_heterogeneo
2652,"2652 - Músicos, cantores e compositores",111339.72512545,3474.048738743769,2922.558573936776,4025.5389035507615,40.16389579757723,27.154942667276774,232,1000,1621,2750,4000,7000,24.942263279445726,0.4071899450877958,0.2761857618420676,0.8798360097510083,0.12016399024899178,0.43569346410198384,0.5643065358980162,NA,3447.6123342048304,3667.6150528575604,0.06381306751632576,1.2632904504522795,2.5454545454545454,2.75,0.31749132282261183,meio_heterogeneo
3253,3253 - Trabalhadores comunitários da saúde,457814.86487582,3466.620342555314,3335.034360523578,3598.20632458705,20.687296961741318,39.841263881926636,1266,1900,2800,3200,3800,4800,18.475750577367208,0.21313775844658855,0.20772787827874592,0.32655588252758394,0.6734441174724161,0.34066929873990504,0.659330701260095,NA,3839.2607247067385,3285.9254553305263,-0.14412547337963832,1.0833188570485357,1.5,1.6842105263157894,0.07591600407833606,meio_heterogeneo
2636,"2636 - Ministros de cultos religiosos, missionários e afins",88100.09415941,3439.058592277134,3062.237321395297,3815.8798631589707,20.968825311366118,42.02478841528465,227,1500,1621,3000,4554,6000,16.496205872649288,0.35481039159423144,0.26083310984421987,0.8097811514544216,0.19021884854557833,0.49018046261472015,0.5098195373852799,NA,3597.5588219978677,2764.306854947106,-0.23161593966322525,1.146352864092378,2,2,0.21914210576582757,meio_heterogeneo
7413,7413 - Instaladores e reparadores de linhas elétricas,74795.62658073001,3382.575761769553,2957.1196119817064,3808.0319115574,18.708852119187547,43.33615198377424,166,1999,2200,3000,3700,5000,15.746378332983413,0.2501040528812377,0.22443891852212852,0.9856563600803311,0.014343639919668803,0.3214610341349097,0.6785389658650904,NA,3392.2349056867274,2718.8253686884727,-0.19851500728011318,1.1275252539231844,1.6666666666666667,1.5007503751875937,0.25155749922672804,meio_heterogeneo
7122,"7122 - Aplicadores de revestimentos cerâmicos, pastilhas, pedras e madeiras",101004.05816492,3324.715610833256,2820.3235363794997,3829.1076852870124,18.666649684232233,41.595973761288406,191,1600,2000,2900,4000,5000,15.58891454965358,0.31281735988839654,0.2261051393804259,0.9364322155103273,0.0635677844896727,0.34258199810894113,0.6574180018910589,NA,3427.698781882907,1807.6459221457228,-0.47263571358719425,1.1464536589080194,1.7241379310344827,1.8125,0.3034196806549377,meio_heterogeneo
8343,"8343 - Operadores de guindastes, gruas, aparatos de elevação e afins",75016.47065208,3282.53412706822,2995.877541982012,3569.190712154428,17.667266033134464,43.52957678765988,161,2000,2200,2800,3800,5200,15.746378332983413,0.24328040068240786,0.18553250972077828,0.955993384580024,0.04400661541997599,0.34430628178764955,0.6556937182123506,NA,3325.6272191714584,2346.3859916428128,-0.2944530950082289,1.1723336168100786,1.8571428571428572,1.4,0.17465566174767175,meio_heterogeneo
5222,5222 - Supervisores de lojas,379527.23689918,3231.368523612443,3051.9391384000837,3410.797908824802,17.005197180856435,44.57308979885622,708,1650,2000,2700,3500,5000,14.171740499685072,0.28051020352038836,0.24408382587350463,0.5213019615816076,0.4786980384183924,0.43368068011586136,0.5663193198841387,NA,3613.56213435698,2815.159842993313,-0.2209460531403703,1.1968031568934974,1.8518518518518519,1.6363636363636365,0.11105473356023766,meio_heterogeneo
7543,7543 - Classificadores e provadores de produtos (exceto de bebidas e alimentos),222668.02741122,3231.196294445937,2911.068622033633,3551.323966858241,17.49732819505439,43.06906358685281,385,1780,2000,2600,3800,5000,13.646861221918957,0.2809716566724566,0.24895145315125045,0.4966314079942659,0.503368592005734,0.4902654343163648,0.5097345656836352,NA,3458.681429361356,3006.7558652156545,-0.13066411965821012,1.2427678055561295,1.9230769230769231,1.4606741573033708,0.1981480809213402,meio_heterogeneo
8342,8342 - Operadores de máquinas de movimentação de terras e afins,301506.08649539,3192.5511990358887,3009.0612014982717,3376.0411965735057,17.46021855193969,42.670976128212864,717,1621,2100,3000,3500,4800,15.746378332983411,0.25137252311881375,0.22649039701302234,0.9756075216479504,0.02439247835204962,0.35444286954626364,0.6455571304537363,NA,3192.487677859517,3195.091807520092,8.157054696358301e-4,1.0641837330119628,1.6,1.8507094386181369,0.11494882061282446,meio_heterogeneo
7522,7522 - Marceneiros e afins,389101.93001614,3191.4302323776424,2741.9123915864943,3640.9480731687904,17.368398588315245,42.194670376374354,817,1500,1700,2500,3500,5000,13.953040800615858,0.3663237555158996,0.2941981128427387,0.9616505087811283,0.038349491218871726,0.45436239548039914,0.5456376045196009,NA,3189.009874061132,3252.123053391115,0.019790838480411965,1.276572092951057,2,1.6666666666666667,0.2817030660615466,meio_heterogeneo
7126,7126 - Bombeiros e encanadores,184076.28389764,3177.671972581014,2366.6115035180624,3988.7324416439656,17.634315169381814,41.325072882708746,398,1612,1700,2500,3000,5000,13.471901462663586,0.37238281670431106,0.32570448202172675,0.9685928174906288,0.03140718250937116,0.32814342153494774,0.6718565784650522,NA,2793.751569287068,15017.719866328467,4.3754671787659385,1.2710687890324055,2,1.5508684863523574,0.5104746342991348,topo_instavel_amostra_pequena
7223,7223 - Reguladores e operadores de máquinas-ferramentas,291591.12369788,3168.9658289558547,3015.4796624724604,3322.451995439249,17.260401872234016,42.89130773112364,465,1800,2200,3000,3500,5000,15.746378332983413,0.2363382469000176,0.20086821409728228,0.9001297233899932,0.09987027661000687,0.4746262107495565,0.5253737892504434,NA,3204.5876463967497,2847.9067734679857,-0.11130320412044814,1.0563219429852848,1.6666666666666667,1.6666666666666667,0.09686830011288988,meio_heterogeneo
3221,3221 - Profissionais de nível médio de enfermagem,1162559.42251963,3157.489319173764,3068.706625905242,3246.2720124422863,18.44620625446974,41.788961501769684,2531,1625,2100,3000,3500,5000,16.79613688851564,0.23356767946072987,0.2110396034978714,0.15592756762660806,0.8440724323733919,0.41561641236045416,0.5843835876395458,NA,3762.3208711108673,3045.757305308325,-0.19045785576257046,1.0524964397245882,1.6666666666666667,1.8461538461538463,0.056236258808156005,meio_heterogeneo
7113,"7113 - Canteiros, cortadores e gravadores de pedras",79386.02398219,3140.1258831051296,2668.3675911504615,3611.8841750597976,17.32066880055638,42.56702467246462,156,1621,2000,2500,3600,5000,13.746838227207741,0.31076822161763673,0.22644475293721789,0.9751570757458208,0.0248429242541792,0.30508235574215825,0.6949176442578416,NA,3097.9159333753996,4796.9892509068095,0.5484568832957804,1.2560503532420517,2,1.5422578655151142,0.3004709425777335,meio_heterogeneo
4311,4311 - Trabalhadores de contabilidade e cálculo de custos,285829.29666556,3129.4263159155544,2867.857916689157,3390.994715141952,17.998624757873262,41.00527023948571,538,1621,2000,2600,3500,5000,14.43418013856813,0.28833651243854375,0.25248849832614995,0.3663854475924277,0.6336145524075723,0.5735629271344861,0.4264370728655139,NA,3491.609306632746,2919.9952404137966,-0.16371077518126032,1.203625506121367,1.9230769230769231,1.6039481801357187,0.16716699664479706,meio_heterogeneo
8331,8331 - Condutores de ônibus e bondes,456416.15406406,3115.8190209413574,2979.437047306034,3252.200994576681,17.146518390858,43.738696326124355,985,1621,2200,3000,3500,4700,15.746378332983413,0.2254311496268251,0.20218623467520877,0.9550555276910053,0.0449444723089947,0.3917328180020675,0.6082671819979326,NA,3138.351558324687,2637.009875449476,-0.1597468204431619,1.0386063403137857,1.5666666666666667,1.8507094386181369,0.08754165291289573,meio_heterogeneo
7213,7213 - Chapistas e caldeireiros,433290.30076183,3083.610668473812,2824.9433103828856,3342.2780265647384,16.862569591162657,42.2760411906878,882,1500,1700,2500,3600,5000,14.434180138568129,0.3384424680213244,0.27088839220098704,0.9700632268710763,0.029936773128923653,0.4371608751125001,0.5628391248874999,NA,3071.6350518446043,3471.665361645684,0.13023367133437613,1.2334442673895247,2,1.6666666666666667,0.16776914202268606,meio_heterogeneo
4323,4323 - Trabalhadores de serviços de transporte,145369.33433151,3071.3534277172143,2678.8877198981763,3463.8191355362524,16.428035868683295,43.55724708721089,202,1621,1800,2270,3500,5000,12.365280985373364,0.3149717791443736,0.27030007485173874,0.7029691857859697,0.29703081421403027,0.38972298870966093,0.610277011290339,NA,3408.1641231753765,2274.23902402567,-0.33270847827986405,1.3530191311529578,2.202643171806167,1.4003701418877237,0.2555653180628831,meio_heterogeneo
8121,8121 - Operadores de instalações de processamento de metais,95834.54596226,3031.1533976759606,2821.8282707631497,3240.4785245887715,16.570071219488693,42.58380188985559,157,1800,2280,3000,3800,4200,15.746378332983413,0.17940562455794462,0.15894971443636904,0.8581906008408295,0.1418093991591705,0.4940108711966347,0.5059891288033652,NA,3143.9155573199446,2348.7485210544805,-0.25292251708672175,1.010384465891987,1.4,1.6666666666666667,0.13811582552918913,meio_heterogeneo
6121,6121 - Criadores de gado e trabalhadores qualificados da criação de gado,1313714.50379733,2987.708331154821,2794.569963324431,3180.846698985211,18.003595341593645,42.96770524622325,6301,560,1300,2000,3000,5000,10.497585555322276,0.49842777101711355,0.411842296866049,0.8960700030067466,0.10392999699325349,0.44375196581647486,0.5562480341835252,NA,2983.633365481054,3022.8421193697955,0.013141277458002865,1.4938541655774105,2.5,3.5714285714285716,0.1292886362543545,meio_heterogeneo
5249,5249 - Vendedores não classificados anteriormente,562617.29141028,2980.385631213017,2489.761852937712,3471.009409488322,24.162310149319996,35.01245374418109,1367,250,750,2000,3000,6000,13.856812933025404,0.5579764413483588,0.4200273728197153,0.4722356709589488,0.5277643290410513,0.41524132567593763,0.5847586743240623,NA,4271.244151129334,1825.3446295345173,-0.5726433411557874,1.4901928156065085,3,8,0.32923509839605636,teto_alto_base_distante
8322,"8322 - Condutores de automóveis, taxis e caminhonetes",2149570.79427698,2973.1731889931916,2889.9936350161306,3056.3527429702526,16.62485737225006,44.24334839996824,4384,1500,1800,2500,3500,5000,13.196964698119432,0.3046304994306127,0.2469900150111959,0.9178166366275785,0.08218336337242163,0.406739186418743,0.5924020358462856,8.587777349714661e-4,2970.8422860071196,2999.204510311683,0.009546863001833383,1.1892692755972767,2,1.6666666666666667,0.0559533862911149,meio_heterogeneo
7231,7231 - Mecânicos e reparadores de veículos a motor,1377066.45814616,2959.682958323767,2826.6484787718136,3092.71743787572,16.048661390356475,43.156089925213244,2839,1000,1621,2200,3500,5000,12.12471131639723,0.3675527269137667,0.28939438520098293,0.9719673224682139,0.028032677531786013,0.4085141802798972,0.5914858197201027,NA,2941.771348070529,3580.726019201334,0.2172006575391685,1.3453104356017123,2.272727272727273,2.2,0.08989779069262066,meio_heterogeneo
4110,4110 - Escriturários gerais,3836980.85043544,2956.106292039745,2872.829803193651,3039.3827808858387,17.800788558441234,38.922963940368824,8272,1500,1621,2200,3100,5000,13.121981944152845,0.3531240016127952,0.30138371530374386,0.3430110497693256,0.6569889502306744,0.499099352078401,0.5006237755149439,2.768724066552062e-4,3301.6949613220913,2775.6759633450215,-0.1593178667742332,1.3436846781998841,2.272727272727273,1.4666666666666666,0.05634201251175724,meio_heterogeneo
3412,3412 - Trabalhadores e assistentes sociais de nível médio,105194.85345801,2929.1859060818133,2611.1829270983653,3247.1888850652613,17.293404309976232,40.26048889403214,268,1621,1621,2200,3000,5200,12.990762124711317,0.32341120961286585,0.2914413753522716,0.3279060524565375,0.6720939475434624,0.4251250987816719,0.5748749012183281,NA,3328.573507463128,2734.329796682668,-0.17852804195192995,1.331448139128097,2.3636363636363638,1.3571869216533003,0.21712720815922568,meio_heterogeneo
8341,8341 - Operadores de máquinas agrícolas e florestais móveis,363152.78610075,2927.672612790565,2823.265399755023,3032.079825826107,15.23923848244976,45.03164136471233,1198,1621,2000,2800,3447,4000,14.434180138568129,0.21769153386588824,0.1993389150244876,0.9763559559728454,0.02364404402715463,0.35902681189202845,0.6409731881079715,NA,2943.1131648856144,2290.0712369769876,-0.22188814745558982,1.045597361710916,1.4285714285714286,1.727328809376928,0.0713243773087213,meio_heterogeneo
7412,7412 - Mecânicos e ajustadores eletricistas,328525.50971813,2909.7751599332455,2711.3652435134545,3108.1850763530365,17.05787902728106,40.097890864119115,657,1000,1621,2500,3500,5000,13.856812933025406,0.34609732065709686,0.2624910183001757,0.9685133868914925,0.03148661310850756,0.38669470516769805,0.613305294832302,NA,2925.9980910101613,2410.765442106047,-0.1760878281114111,1.1639100639732982,2,2.5,0.1363747406685146,meio_heterogeneo
5164,5164 - Cuidadores de animais,156432.78866086,2909.6118247218606,2354.2340722143094,3464.9895772294117,17.93697314086399,39.09807097562999,315,1000,1621,2000,3000,5500,12.072223388620616,0.39089012031451864,0.31060690968979765,0.41303487368365366,0.5869651263163463,0.5101780852082858,0.48982191479171416,NA,3136.4063461601404,2750.0213442749546,-0.12319354039001729,1.4548059123609303,2.75,2,0.3817538461926216,topo_instavel_amostra_pequena
7132,7132 - Lustradores,180464.99968387,2908.138150806907,2679.385800063546,3136.8905015502683,16.002325941510588,43.31539933596169,355,1600,1900,2700,3500,4600,14.434180138568129,0.26665977389676576,0.2192623887712008,0.9316163356827744,0.06838366431722565,0.37956818584015123,0.6204318141598487,NA,2943.312253094615,2428.948148174206,-0.17475689314975118,1.0770882040025582,1.7037037037037037,1.6875,0.15731876470854064,meio_heterogeneo
8211,8211 - Mecânicos montadores de maquinaria mecânica,106103.21882309,2902.3217274892936,2574.4196166843208,3230.2238382942664,15.92549977029668,42.27597370742308,148,1621,2000,2500,3242,5000,13.646861221918957,0.24643520274559916,0.2148410504872131,0.7847808998893387,0.2152191001106612,0.4079041758276187,0.5920958241723814,NA,3126.885727852446,2083.4653239585255,-0.3336931678058298,1.1609286909957175,2,1.5422578655151142,0.22595848537345345,meio_heterogeneo
7411,7411 - Eletricistas de obras e afins,438689.38447121,2879.058847837003,2699.345484158359,3058.7722115156475,17.013010055014618,39.59458540371147,899,1200,1800,2500,3500,5000,14.43418013856813,0.31794164408833436,0.24221514794909554,0.9781162898039079,0.021883710196092133,0.38054654358698287,0.6194534564130171,NA,2875.142128677685,3054.1208815592586,0.06225040184844288,1.1516235391348013,2,2.0833333333333335,0.12484174390090044,meio_heterogeneo
7212,7212 - Soldadores e oxicortadores,310358.09134406,2866.5210633771485,2722.6169717910307,3010.4251549632663,15.7940578823084,42.21254067855892,604,1600,2000,2804,3500,4500,15.221499055217299,0.25418761627762565,0.2041448486127091,0.9596173805606829,0.04038261943931714,0.3871975096649915,0.6128024903350083,NA,2851.7512763243813,3217.4974130989403,0.12825316843408907,1.0222970982086834,1.6048502139800285,1.7525,0.10040330310120198,meio_heterogeneo
7422,7422 - Instaladores e reparadores em tecnologias da informação e comunicações,280934.8098538,2821.0614482848073,2560.7624904187333,3081.3604061508813,16.463003820725177,41.170674466429325,589,1000,1621,2200,3000,5000,12.702078521939955,0.3534466831756029,0.29298786410696687,0.9382719605046642,0.06172803949533573,0.4441145520979389,0.5558854479020612,NA,2825.7728927555286,2749.447052679605,-0.027010606645566315,1.282300658311276,2.272727272727273,2.2,0.18453972920322925,meio_heterogeneo
7523,7523 - Operadores de máquinas de lavrar madeira,75940.02815782,2714.675525027367,2424.0121930108253,3005.3388570439083,14.948023741231664,41.88020892039631,136,1621,1900,2300,3000,4500,12.12471131639723,0.24565093584204978,0.22346155739408366,0.8018015375141775,0.19819846248582262,0.4390539609117408,0.5609460390882591,NA,2749.775228992393,2572.681504223781,-0.06440298206973993,1.1802937065336376,1.9565217391304348,1.418877236273905,0.21414222756040896,meio_heterogeneo
4120,4120 - Secretários (geral),474683.04149711,2702.0101142244625,2543.78350639983,2860.236722049095,16.545253501465087,38.852671906250215,1008,1600,1621,2000,3000,4680,12.478829869130099,0.30319235735168304,0.2657613919868488,0.12212128837965434,0.8778787116203456,0.51329011737455,0.48670988262544995,NA,3584.222942653036,2579.2859089251897,-0.2803779368099222,1.3510050571122312,2.34,1.25,0.1171177021075268,meio_heterogeneo
8344,8344 - Operadores de empilhadeiras,322122.29709772,2701.9588810871087,2585.1664576845915,2818.751304489626,14.567516218592134,43.33046949971125,575,1800,2000,2500,3000,3800,13.121981944152845,0.17871124949734152,0.17647818017898861,0.9392575352260877,0.0607424647739124,0.4165820210437081,0.5834179789562919,NA,2712.8628507639405,2533.3513719752987,-0.06617049540049236,1.0807835524348435,1.52,1.3888888888888888,0.0864501856190549,meio_heterogeneo
2359,2359 - Profissionais de ensino não classificados anteriormente,206827.24636012,2699.9577095784516,1931.0698394404944,3468.845579716409,22.399086073104318,28.05771661539991,467,500,800,1500,3000,5000,12.317167051578137,0.5599272122975483,0.456701854579468,0.250156904485367,0.749843095514633,0.4572415659863699,0.54275843401363,NA,4811.795117638188,1995.4227049398517,-0.5853059708162967,1.7999718063856345,3.3333333333333335,3,0.5695554914880535,teto_alto_base_distante
5243,5243 - Vendedores a domicilio,1081210.0521607,2688.4983810083345,2497.3916897994422,2879.6050722172267,18.600902556592132,34.351432057544564,2499,350,1000,2000,3200,5000,13.323858589447504,0.48866882559326497,0.3532197525135287,0.47761777829051,0.52238222170949,0.4422495251121847,0.5577504748878154,NA,3715.634751888785,1749.3802964458757,-0.5291839986272586,1.3442491905041671,2.5,5.714285714285714,0.1421661196144866,meio_heterogeneo
6122,6122 - Avicultores e trabalhadores qualificados da avicultura,140300.48915724,2677.0252419558647,1884.677186064109,3469.37329784762,15.461706044603847,40.630610214194284,578,150,500,1621,2800,5000,9.237875288683604,0.5963282068416731,0.4671380896500475,0.6351106398718624,0.36488936012813755,0.45863307732423175,0.5413669226757681,NA,2966.7526821980064,2172.738189310631,-0.26763757479747396,1.6514652942355734,3.0845157310302285,10.806666666666667,0.5919615874169771,teto_alto_base_distante
7112,7112 - Pedreiros,2695851.92784956,2649.4257110784047,2577.357912948755,2721.4935092080545,15.264235449394024,40.28351940613217,6064,1000,1621,2200,3000,4500,12.990762124711317,0.3248028121660742,0.25324897583559486,0.9722231014876798,0.027776898512320205,0.3164094228769862,0.6835905771230137,NA,2645.6149727280895,2782.805895920073,0.0518559671782155,1.2042844141265476,2.0454545454545454,2.2,0.054402580776885326,meio_heterogeneo
7127,7127 - Mecânicos-instaladores de sistemas de refrigeração e climatização,84887.82596832,2646.8104057951837,2309.3687930041706,2984.2520185861968,16.252129019306434,38.885166204542124,192,1000,1621,2000,3000,5000,11.547344110854505,0.33287943370414097,0.24051278457419958,0.9880478542809112,0.01195214571908867,0.30788312719357114,0.6921168728064288,NA,2634.4353320465225,3669.820445273286,0.3930197491021501,1.3234052028975918,2.5,2,0.2549798142339063,meio_heterogeneo
7534,"7534 - Tapeceiros, colchoeiros e afins",93304.34546803,2629.880933819469,2278.5697618195227,2981.1921058194157,14.612480835121293,41.766982981503794,184,1200,1600,2000,3000,5000,11.547344110854505,0.33322747461044633,0.2626639785327581,0.9089959384755623,0.09100406152443777,0.4851441223745582,0.5148558776254418,NA,2655.528121984544,2373.703467837785,-0.10612753516469808,1.3149404669097347,2.5,1.6666666666666667,0.2671688801437294,meio_heterogeneo
7214,7214 - Montadores de estruturas metálicas,139039.55893084,2618.4159795606456,2461.8188723555613,2775.01308676573,14.448391721701233,41.95842538673123,276,1621,2000,2500,3000,4000,13.646861221918957,0.20412467526639144,0.19522552726547235,0.9753201711320384,0.02467982886796165,0.2615515292026272,0.7384484707973729,NA,2632.493049490581,2062.105385732913,-0.21667204928349004,1.0473663918242582,1.6,1.5422578655151142,0.11961209252271698,meio_heterogeneo
5141,5141 - Cabeleireiros,1139153.72010663,2597.13466603297,2471.0324424406344,2723.2368896253056,17.164979887373715,38.343004633477044,2295,600,1500,2000,3000,5000,12.702078521939955,0.40026456469085836,0.29677391584096646,0.45314415060509233,0.5468558493949075,0.370244569964193,0.6297554300358068,NA,2818.3744988947883,2413.8074944335235,-0.1435462195034456,1.298567333016485,2.5,3.3333333333333335,0.0971087292789112,meio_heterogeneo
8142,8142 - Operadores de máquinas para fabricar produtos de material plástico,157162.71738338,2567.3053601023466,2391.3501805826345,2743.260539622059,13.787702972127738,43.00884592766743,266,1621,1900,2300,3000,4000,12.334663027503673,0.20198519228820733,0.18537839701709177,0.689059321746063,0.31094067825393706,0.45528096313939637,0.5447190368606036,NA,2663.182887783679,2354.83620178645,-0.11578126587237014,1.116219721783629,1.7391304347826086,1.418877236273905,0.13707382242422275,meio_heterogeneo
5321,5321 - Trabalhadores de cuidados pessoais em instituições,85146.20159035,2546.6239095090364,2257.7866720234715,2835.461146994601,14.518936670882741,42.04369215770421,137,1600,1700,2300,3000,3500,13.646861221918957,0.23032726989406227,0.19606945674941587,0.24560468565599625,0.7543953143440038,0.3928281938186987,0.6071718061813013,NA,2593.2320714968855,2531.449924787268,-0.023824380158137926,1.1072277867430593,1.5217391304347827,1.4375,0.2268393353310264,meio_heterogeneo
8141,8141 - Operadores de máquinas para fabricar produtos de borracha,166542.48052755,2542.700877580001,2232.757212883811,2852.644542276191,12.929779899969272,45.19034594817462,330,800,1600,2000,3000,4000,10.497585555322276,0.3472725488892432,0.2832212338374309,0.9558645850162891,0.04413541498371083,0.2865724770890207,0.7134275229109793,NA,2573.922066299079,1866.5266848214014,-0.2748317016819425,1.2713504387900005,2,2.5,0.24379089764673914,renda_baixa_comprimida
7131,7131 - Pintores e empapeladores,649009.37591804,2538.835564682564,2422.1488618760545,2655.5222674890733,15.195287380922924,39.53579316702146,1381,800,1600,2000,3000,4100,12.12471131639723,0.3293167278108615,0.25550943486674493,0.9703335980844113,0.029666401915588753,0.37222398025015196,0.627776019749848,NA,2534.106579463935,2693.511998162329,0.06290399148567571,1.269417782341282,2.05,2.5,0.0919214339279976,meio_heterogeneo
5414,5414 - Guardas de segurança,1332754.77745464,2536.174608874184,2460.975053793921,2611.374163954447,14.246075915554714,43.022153496861534,2882,1621,1650,2200,3000,3800,12.072223388620616,0.23912273736577383,0.21983712076669895,0.8962453335927536,0.10375466640724633,0.319457225478016,0.6804694868773382,7.328764464573403e-5,2554.551850210863,2377.4297797244462,-0.06933586823528215,1.1528066403973563,1.7272727272727273,1.3571869216533003,0.059301559772057165,meio_heterogeneo
7421,7421 - Mecânicos e reparadores em eletrônica,74651.72821449,2532.5030105272826,2092.710004091028,2972.296016963537,14.8786380479192,38.06918947873986,158,700,1600,2000,3000,4000,11.547344110854505,0.37887494709193614,0.28534156809204525,0.9113344386610565,0.08866556133894347,0.4807381427953882,0.5192618572046119,NA,2570.395883605738,2143.0273257774966,-0.16626565602366716,1.2662515052636414,2,2.857142857142857,0.3473188419584045,renda_baixa_comprimida
6111,"6111 - Agricultores e trabalhadores qualificados em atividades da agricultura (exclusive hortas, viveiros e jardins)",2039652.8498376,2521.1774256742406,2287.4573622932876,2754.8974890551935,14.815284881796446,38.779488466211426,8183,300,640,1600,2500,5000,9.237875288683602,0.5731446341512938,0.45975161092822725,0.8363973223918477,0.1636026776081523,0.44307779869650654,0.5569222013034935,NA,2646.0776188277937,1882.6415004244998,-0.2885161466810994,1.5757358910464003,3.125,5.333333333333333,0.18540548634211973,teto_alto_base_distante
4225,4225 - Trabalhadores dos serviços de informações,114406.98780339,2511.746471092145,1820.1490068014593,3203.3439353828308,14.669325286890189,39.85262783709982,232,1000,1621,1800,2500,3800,10.392609699769054,0.3587497161364098,0.3180906654880602,0.40512455653549356,0.5948754434645064,0.4885555579002299,0.5114444420997701,NA,2465.9478025630683,2542.936471421794,0.03122072120857755,1.3954147061623028,2.111111111111111,1.8,0.5506905034009812,topo_instavel_amostra_pequena
7125,7125 - Vidraceiros,73852.60494283,2503.21765638883,2289.4314862102456,2717.0038265674148,14.581845306661654,41.69944477514689,161,1518,1621,2400,3000,4000,13.121981944152845,0.24327863444570252,0.20961295343153352,0.986301719122797,0.013698280877203055,0.3575401415229777,0.6424598584770224,NA,2515.62345573856,1609.9770128790099,-0.3600087448674476,1.0430073568286793,1.6666666666666667,1.5810276679841897,0.17080909415363818,meio_heterogeneo
8181,8181 - Operadores de instalações de vidraria e cerâmica,52740.65517402,2496.390883470727,2265.344514160996,2727.4372527804585,13.677714742411842,42.50593352915881,129,1618,1700,2400,3000,3700,12.990762124711317,0.21482377208243708,0.15239753594097472,0.9341202909883161,0.06587970901168393,0.4281105712629128,0.5718894287370871,NA,2499.7668937823187,2448.521823604601,-0.020499939536434253,1.040162868112803,1.5416666666666667,1.4833127317676142,0.18510432067313753,meio_heterogeneo
8212,8212 - Montadores de equipamentos elétricos e eletrônicos,88475.30417693,2442.3316297136494,2238.1700243519517,2646.493235075347,13.703946143454633,41.01863341780417,184,1621,1800,2200,3000,3500,12.028483448806774,0.23975255453100608,0.197442954712034,0.6663614964941026,0.3336385035058974,0.5293308297338599,0.4706691702661401,NA,2566.5199444550503,2194.295775372582,-0.14503069414545422,1.1101507407789315,1.5909090909090908,1.3571869216533003,0.1671858177471456,meio_heterogeneo
7322,7322 - Impressores,72959.40354735,2441.667716198564,2140.3519515546977,2742.9834808424303,14.080719024585855,39.62508654847846,147,800,1621,2000,3000,4000,11.80978374973756,0.30434371367411117,0.22929094283550377,0.8233764668417708,0.17662353315822923,0.33463968297581836,0.6653603170241817,NA,2578.464124209369,1803.9557358608292,-0.3003758637076349,1.220833858099282,2,2.5,0.246811441741127,renda_baixa_comprimida
4322,4322 - Trabalhadores de serviços de apoio à produção,74731.15106345,2432.3720412527578,2136.261480078437,2728.4826024270783,13.379499864209546,41.97548447280687,125,1600,1700,2100,2800,3200,11.547344110854505,0.22985386748476944,0.2149321909254345,0.6115313536953062,0.3884686463046938,0.48490556104391785,0.5150944389560821,NA,2350.4660063966126,2561.3093669490686,0.08970279084175736,1.1582724005965512,1.5238095238095237,1.3125,0.24347472849738325,meio_heterogeneo
3213,3213 - Técnicos e assistentes farmacêuticos,70458.86675336,2396.558854382092,2197.064828718606,2596.0528800455777,13.6302111470585,41.092064800930125,128,1620,1621,2000,3000,3500,12.478829869130099,0.20657260594362725,0.1980835717861044,0.3542369669235386,0.6457630330764614,0.47167600027323986,0.5283239997267603,NA,2614.83985426776,2276.8195763869376,-0.1292699731989817,1.198279427191046,1.75,1.2345679012345678,0.1664837275318421,renda_baixa_comprimida
7115,7115 - Carpinteiros,190303.44590633,2392.1036824701764,2182.3558597000856,2601.851505240267,13.347151666841341,40.769907919968816,498,700,1600,2000,3000,4500,11.547344110854505,0.3386482888897382,0.2497289254405209,0.9825277575900195,0.017472242409980455,0.2540815874130825,0.7459184125869175,NA,2393.3121791549866,2324.1455171746084,-0.028899974931310024,1.1960518412350882,2.25,2.857142857142857,0.17536683238871761,meio_heterogeneo
8172,8172 - Operadores de instalações para processamento de madeira,83660.8266906,2374.431905009427,2187.7670210875367,2561.096788931317,13.310947923921566,41.12410681611106,240,1500,1621,2100,2800,3300,12.509622786759046,0.2259471402642752,0.20195533854950354,0.8838085682650539,0.11619143173494602,0.42722026747419023,0.5727797325258098,NA,2372.9994667067594,2385.327727760767,0.005195222850646886,1.1306818595282986,1.5714285714285714,1.4,0.1572290900640918,meio_heterogeneo
8219,8219 - Montadores não classificados anteriormente,197637.56147787,2367.9541286652093,2185.213928839465,2550.6943284909535,13.623501757144163,40.46927573017052,343,1518,1621,2100,2500,3500,11.98724293412515,0.251695504086354,0.22758931615005037,0.9306882069181274,0.06931179308187259,0.4418834047846663,0.5581165952153337,NA,2383.9585611853067,2153.0536630651195,-0.09685776501307186,1.12759720412629,1.6666666666666667,1.383399209486166,0.15434437484543073,meio_heterogeneo
6210,6210 - Trabalhadores florestais qualificados e afins,75217.37952729,2347.141843330589,1927.1192384647763,2767.1644481964013,13.708015958655668,39.77546490773821,221,500,1000,1621,2500,4760,10.264305876315115,0.45010374397839725,0.3418263060094638,0.920271958040572,0.07972804195942805,0.3283850359757398,0.6716149640242602,NA,2340.4957995487152,2423.8547234422167,0.03561592544176939,1.4479591877424978,2.936458975940777,3.242,0.3579013395030284,teto_alto_base_distante
8183,"8183 - Operadores de máquinas de embalagem, engarrafamento e etiquetagem",145445.01639337,2331.407553244954,2219.416070050741,2443.3990364391675,12.724774502476766,42.78273618443918,269,1621,1800,2200,2604,3500,11.778290993071595,0.1720239509011935,0.16750521477926056,0.6047622926931002,0.39523770730689967,0.39779915985074216,0.6022008401492579,NA,2359.6119918504614,2288.2512940119664,-0.030242556015547484,1.0597307060204337,1.5909090909090908,1.3571869216533003,0.09607199139278645,meio_heterogeneo
4321,4321 - Trabalhadores de controle de abastecimento e estoques,1077251.09280834,2316.0333095140445,2250.8510985075995,2381.2155205204895,12.839914203576777,42.256895352871766,2048,1621,1700,2000,2600,3400,11.337392399748058,0.2091570948623187,0.19801306576308864,0.7680897368914641,0.23191026310853594,0.39423634327099205,0.605763656729008,NA,2379.789983927161,2104.8703940887513,-0.11552262665831281,1.1580166547570223,1.7,1.2338062924120914,0.05628780099032483,renda_baixa_comprimida
4224,4224 - Recepcionistas de hotéis,73067.87540326,2300.5449307082513,2105.9856754630064,2495.104185953496,12.398389531144101,43.873300101586544,159,1621,1621,2000,2500,3500,10.39902489094175,0.18986986401833295,0.16535758021306537,0.46298345794847995,0.53701654205152,0.4238723946403152,0.5761276053596848,NA,2402.1025771267464,2212.9880183265227,-0.07872876062871192,1.1502724653541256,1.75,1.2338062924120914,0.16914188690533197,renda_baixa_comprimida
7511,7511 - Magarefes e afins,580708.65000319,2271.396318826522,2173.5412367153544,2369.2514009376896,12.415405941584549,43.76146974753992,1279,1600,1621,2000,2500,3200,10.58506543494996,0.21993502402395826,0.20293278212477084,0.7558006814588332,0.24419931854116692,0.3258641981913658,0.6741358018086342,NA,2353.513663344471,2017.2418628803534,-0.14288075132151856,1.135698159413261,1.6,1.25,0.08616293096901974,renda_baixa_comprimida
7544,7544 - Fumigadores e outros controladores de pragas e ervas daninhas,50509.2854497,2271.0657546810926,1847.9885853508433,2694.142924011342,13.392285818570093,40.35573542439941,131,759,1621,1870,2400,3600,9.62278675904542,0.35325012925150223,0.2662607745516304,0.9436805782209517,0.056319421779048265,0.2870348536438484,0.7129651463561516,NA,2333.204620556114,1229.8753619780632,-0.47288148191437873,1.2144736656048623,1.9251336898395721,2.463768115942029,0.37258029051621067,renda_baixa_comprimida
9329,9329 - Trabalhadores elementares da indústria de transformação não classificados anteriormente,688430.03817398,2258.7631666272023,2167.5066718978737,2350.019661356531,12.327413175812799,42.41035888567235,1266,1618,1700,2000,2500,3000,10.969976905311778,0.19894890524639253,0.2026104589256342,0.6426969530758964,0.3573030469241036,0.41435861027454163,0.5856413897254583,NA,2312.329346358628,2162.411286066229,-0.06483421599457029,1.1293815833136012,1.5,1.2360939431396787,0.08080218066030646,renda_baixa_comprimida
5329,5329 - Trabalhadores de cuidados pessoais nos serviços de saúde não classificados anteriormente,55438.43006829,2251.8314985948437,2047.7386693970195,2455.924327792668,13.285818339204688,39.402552873008304,126,1600,1621,1800,2600,4000,11.547344110854505,0.22421945726663728,0.1981215320276304,0.23529175730935972,0.7647082426906403,0.5399972225584958,0.4600027774415042,NA,2857.5275435621625,2065.465929532522,-0.27718424475526326,1.2510174992193577,2.2222222222222223,1.125,0.18126829589618884,meio_heterogeneo
3344,3344 - Secretários de medicina,83731.31629063,2237.6505861074747,1903.9076942109994,2571.39347800395,12.532597227636662,40.56701794039554,158,1518,1621,2000,2500,3500,10.681293302540416,0.25760293264588086,0.22766773433271376,0.03995473339709549,0.9600452666029046,0.5591027747577497,0.4408972252422504,NA,2578.6516504841006,2223.458956723681,-0.13774357373697144,1.1188252930537375,1.75,1.3175230566534915,0.2982975929919789,renda_baixa_comprimida
3251,3251 - Dentistas auxiliares e ajudantes de odontologia,106149.60785451,2231.018616363757,2034.812020363753,2427.2252123637604,13.569996472549121,38.533571925890854,262,1600,1621,2000,2500,3500,11.547344110854505,0.2428736001927252,0.2186374862890339,0.11563242182376557,0.8843675781762345,0.4742224513206363,0.5257775486793637,NA,2437.071862957552,2204.076837270695,-0.09560449538984961,1.1155093081818783,1.75,1.25,0.17588969859856446,renda_baixa_comprimida
4229,4229 - Trabalhadores de serviços de informação ao cliente não classificados anteriormente,128713.05916909,2216.678696633233,2065.807026550479,2367.550366715987,12.96392171258005,40.54280436854435,278,1621,1621,2000,2500,3200,10.84167308185784,0.19433416524246283,0.18305778021716937,0.17781228819791875,0.8221877118020812,0.4033553594297424,0.5966446405702576,NA,2531.6348042970453,2148.564000461401,-0.15131361094635087,1.1083393483166164,1.6,1.2338062924120914,0.13612407635973858,renda_baixa_comprimida
5153,5153 - Porteiros e zeladores,844548.28147974,2213.3613141390947,2147.525841870057,2279.1967864081325,12.42936794618621,42.00383471992976,1716,1621,1621,2000,2500,3200,11.022464833088389,0.18427067329492997,0.1910994062929149,0.7759485416997214,0.2240514583002787,0.34135265721332925,0.6586473427866707,NA,2276.352587684501,1995.2061313156084,-0.12350742933671532,1.1066806570695473,1.6,1.2338062924120914,0.05948913252298809,renda_baixa_comprimida
9411,9411 - Preparadores de comidas rápidas,143548.95861134,2202.873379017625,1853.1264615255086,2552.620296509742,12.39017193394703,41.24360444580089,311,600,1100,1800,2300,4000,9.815242494226329,0.39406729582742495,0.3048970416762787,0.5409524936370078,0.4590475063629922,0.367112763727545,0.632887236272455,NA,2553.086005995616,1790.1744943904107,-0.2988193542299785,1.2238185438986806,2.2222222222222223,3,0.3175370139958628,meio_heterogeneo
5142,5142 - Especialistas em tratamento de beleza e afins,1423666.00279617,2181.5987286098966,2075.560785624003,2287.63667159579,17.508714389742284,31.7525383719988,2823,400,800,1621,2750,4500,11.84342985728667,0.4524313364881096,0.3276578649360003,0.06266195815786604,0.9373380418421339,0.41850712311338684,0.5814928768866132,NA,3937.440181145294,2064.2190227629103,-0.47574593446585767,1.3458351194385543,2.7760641579272054,4.0525,0.09721122550659018,meio_heterogeneo
5223,5223 - Balconistas e vendedores de lojas,3589900.03548287,2166.607667581564,2102.0628422043246,2231.152492958803,11.864464559862048,42.50816768918692,7121,1200,1621,1800,2300,3200,9.447826999790047,0.2710240344345788,0.25252589738243897,0.3746943427054623,0.6253056572945376,0.4384095057139008,0.5615904942860992,NA,2515.5949004181307,1957.4882708595508,-0.2218587060523195,1.2036709264342023,1.7777777777777777,1.5,0.05958146123362171,renda_baixa_comprimida
5245,5245 - Frentistas de posto de gasolina,338240.97015019,2161.783534192058,2048.2373312322607,2275.3297371518556,11.56654844977853,44.61701124665451,704,1621,1630,2000,2500,2800,10.497585555322276,0.15478888985308759,0.17033559113926275,0.833340252688551,0.16665974731144892,0.33737070020012744,0.6626292997998726,NA,2201.068078608325,1965.3510260506184,-0.1070921226147371,1.080891767096029,1.4,1.2338062924120914,0.10504863337506554,renda_baixa_comprimida
5120,5120 - Cozinheiros,1545001.09472326,2147.896668712193,2023.1415029111786,2272.651834513207,13.32817024183795,39.36887835594462,3647,800,1601,1800,2329,3000,10.497585555322276,0.309245068306486,0.26892417401963753,0.23288213480407133,0.7671178651959286,0.357185651021961,0.642814348978039,NA,2621.5136537165704,2004.1157198496394,-0.23551200391103588,1.1932759270623294,1.6666666666666667,2.25,0.1161649604641487,renda_baixa_comprimida
5242,5242 - Demonstradores de lojas,147150.08251563,2137.6534246230676,2011.478828980957,2263.8280202651786,11.42438503204359,43.20586253862163,297,1621,1630,1805,2500,3000,9.972706277556162,0.1720165717651302,0.1823720903988401,0.4879512003215718,0.5120487996784282,0.4138909628945053,0.5861090371054948,NA,2279.3542621417455,2002.6211898102267,-0.12140853965872445,1.1842955261069628,1.6620498614958448,1.1135101789019124,0.11804962786646221,renda_baixa_comprimida
7119,7119 - Outros trabalhadores qualificados e operários da construção não classificados anteriormente,204032.34714202,2135.096732685614,1949.5947633398862,2320.5987020313414,15.826771318030614,38.148674889982104,535,500,1200,1800,2700,3500,11.547344110854503,0.35346316062883065,0.25764983458771,0.9891610309558874,0.010838969044112644,0.3793637016295399,0.62063629837046,NA,2125.113507843065,3046.162807081712,0.43341181345813773,1.1861648514920078,1.9444444444444444,3.6,0.1737644636947156,renda_baixa_comprimida
9333,9333 - Carregadores,823370.1813989,2105.582263947281,1776.6241059327897,2434.5404219617717,12.576284581947828,39.68636076582612,1658,700,1518,1700,2200,3000,9.62278675904542,0.3368244038166345,0.29213924014138065,0.955966933092935,0.04403306690706499,0.29234440595182765,0.7076555940481722,NA,2085.0123924085824,2552.158402976339,0.22404951273604423,1.2385778023219298,1.7647058823529411,2.4285714285714284,0.31246288843429143,renda_baixa_comprimida
6112,"6112 - Agricultores e trabalhadores qualificados no cultivo de hortas, viveiros e jardins",666603.99466031,2072.2295601080123,1893.9559501019953,2250.503170114029,12.92912726172565,39.170129009864304,1898,500,1000,1621,2500,3242,9.897723523589574,0.3900542413298801,0.30620612514748163,0.7939017612029919,0.20609823879700798,0.41449821004115184,0.5855017899588483,NA,2129.3254539969876,1852.2930338159956,-0.13010337130990024,1.2783649352918027,2,3.242,0.17205971137360349,renda_baixa_comprimida
9122,9122 - Lavadores de veículos,318497.01684029,2057.8254113750254,1872.1320865399343,2243.5187362101165,12.091265165312848,40.53321648932841,657,560,1000,1621,2500,4000,9.237875288683604,0.3817279490516029,0.29557094029570125,0.9436800551876915,0.05631994481230841,0.33636059520111655,0.6636394047988834,NA,2061.004419123845,2004.5589137276015,-0.027387377180025152,1.2694789706200034,2.4676125848241828,2.8946428571428573,0.18047529572590126,meio_heterogeneo
7314,7314 - Ceramistas e afins (preparação e fabricação),64860.881676799996,2056.1951857517715,1808.3203944513107,2304.0699770522324,12.282638227300081,40.44892808347015,178,800,1518,1621,2500,3000,9.359122401847575,0.31310633632481977,0.25391866782918376,0.7903098253720653,0.20969017462793466,0.4378000814177486,0.5621999185822514,NA,2010.186697076289,2229.598449472975,0.10914993752361846,1.2684732793039923,1.8507094386181369,2.02625,0.2411004490411105,renda_baixa_comprimida
7319,7319 - Artesãos não classificados anteriormente,54019.34009244,2041.7793453681466,1419.7133740670893,2663.845316669204,14.591319753675311,36.744638218323026,126,400,650,1600,2500,4000,10.392609699769054,0.4694448154845088,0.28487202329752576,0.2629341880488426,0.7370658119511574,0.3894716584818926,0.6105283415181074,NA,1912.6062239210985,2087.8593958259266,0.0916305561034596,1.2761120908550916,2.5,4,0.6093371183445825,topo_instavel_amostra_pequena
7512,"7512 - Padeiros, confeiteiros e afins",892610.9719039,2035.053365972073,1949.22510938488,2120.881622559266,13.370065733421338,37.87543354723844,1941,500,1200,1800,2500,3500,10.497585555322276,0.3495579834173671,0.25582968070981676,0.4349824861310487,0.5650175138689514,0.41374887419667666,0.5862511258033234,NA,2283.6668898989697,1843.6565931835314,-0.1926770925574458,1.1305852033178183,1.9444444444444444,3.6,0.08434988292918388,renda_baixa_comprimida
8156,8156 - Operadores de máquinas para fabricação de calçados e afins,72486.55313634,2028.8911840247326,1896.2356866453645,2161.5466814041006,11.073697154874722,42.41633563818474,137,1518,1621,1800,2300,3000,9.815242494226329,0.1632290298471315,0.1644727751693917,0.45880868787092177,0.5411913121290783,0.4817105869191156,0.5182894130808845,NA,2080.9357867058043,1984.7690495194192,-0.04621321705395842,1.1271617689026292,1.6666666666666667,1.1857707509881423,0.1307664979017928,renda_baixa_comprimida
9520,9520 - Vendedores ambulantes (exclusive de serviços de alimentação),202662.23040685,2026.3299203755685,1690.508328809191,2362.151511941946,17.37155651487405,37.108653638234095,410,500,800,1600,2500,5000,9.237875288683604,0.4481133719949354,0.3309358198482526,0.6420659054543882,0.3579340945456118,0.41496659239272576,0.5850334076072742,NA,2075.2174643793537,1938.6349349451377,-0.06581600809487431,1.2664562002347304,3.125,3.2,0.33145796070971,teto_alto_base_distante
8321,8321 - Condutores de motocicletas,1111533.25026591,2023.8890863863337,1949.559355762399,2098.218817010268,11.224883854341547,43.800896353472936,2286,800,1500,1700,2500,3500,9.62278675904542,0.29984851606196194,0.2290213251258038,0.9645925644759121,0.03540743552408784,0.3034767401436102,0.6965232598563899,NA,2023.4294610949992,2036.4104998099292,0.006415365084140534,1.190522991991961,2.0588235294117645,2.125,0.07345237555151872,meio_heterogeneo
4226,4226 - Recepcionistas em geral,1103305.42859731,2018.1030701814313,1912.626902482434,2123.579237880429,12.007682623981973,40.068407152863145,2160,1200,1621,1700,2000,2800,9.815242494226327,0.24048122482604573,0.2371326674336988,0.1854832885336978,0.8145167114663021,0.45744155178917106,0.5425584482108289,NA,2209.428987714386,1974.533969798145,-0.1063148076821584,1.1871194530479008,1.6470588235294117,1.4166666666666667,0.10453001063965976,renda_baixa_comprimida
7536,7536 - Sapateiros e afins,137307.48909656,2010.0445994396678,1779.855631726628,2240.2335671527076,11.10955213641488,41.54018907297947,234,930,1621,1800,2250,3200,9.447826999790047,0.23002727203114393,0.18713800718008966,0.46510329502245595,0.534896704977544,0.4793460693903182,0.5206539306096819,NA,2092.8177729556146,1938.0716832046562,-0.0739415020985873,1.1166914441331488,1.7777777777777777,1.935483870967742,0.22903866688053456,renda_baixa_comprimida
8153,8153 - Operadores de máquinas de costura,726647.85242741,1990.217701718157,1858.7427933670529,2121.6926100692613,11.585642472727496,40.797699669285294,1446,800,1518,1621,2000,3000,9.359122401847575,0.2900092049224492,0.24827469602058294,0.2631152609331348,0.7368847390668652,0.41140204948007286,0.5885979505199272,NA,2256.8920660213134,1894.9977965852918,-0.16035072074758405,1.2277715618248963,1.8507094386181369,2.02625,0.13212113251490204,renda_baixa_comprimida
4222,4222 - Trabalhadores de centrais de atendimento,416885.47094802,1983.8826668111149,1868.7405145895798,2099.0248190326497,12.052245286514438,39.18818726217367,699,1518,1621,1621,2000,2800,10.392609699769054,0.19373472301350803,0.21424147600793148,0.3151280894746038,0.6848719105253962,0.444375093793203,0.5556249062067969,NA,2071.2912603575764,1943.6636088170037,-0.06161743352238147,1.2238634588594168,1.727328809376928,1.0678524374176548,0.11607758276008731,renda_baixa_comprimida
5312,5312 - Ajudantes de professores,507803.12746281,1949.953300356996,1872.124061511241,2027.7825392027507,13.310726924168172,34.997057255359024,1183,810,1600,1621,2100,3000,11.022464833088389,0.25349973916481383,0.22265942479450834,0.1443669888064819,0.8556330111935181,0.38123433512563015,0.6187656648743698,NA,2153.0808627712813,1915.6805290336388,-0.11026076068136104,1.202932325945093,1.8507094386181369,2.0012345679012347,0.0798267720888556,renda_baixa_comprimida
5211,5211 - Vendedores de quiosques e postos de mercados,412782.4433565,1948.114336750624,1741.6744974129786,2154.5541760882697,14.885547321805932,34.901030623002136,982,400,800,1600,2300,4000,9.30715935334873,0.45866630612108195,0.33915889533421884,0.6116144065553425,0.38838559344465756,0.3001925295682485,0.6998074704317514,NA,2131.3531449810166,1659.557045117434,-0.22135989100378994,1.21757146046914,2.5,4,0.21193811414783684,meio_heterogeneo
9321,9321 - Empacotadores manuais,215029.24148497,1943.1108971803799,1827.361576417844,2058.860217942916,10.951766407999273,41.20356821141705,426,1200,1621,1800,2200,2700,9.893974385891244,0.20101314576281049,0.19000566076648137,0.4289703607339257,0.5710296392660743,0.4172255801617144,0.5827744198382856,NA,1965.6123052992489,1926.2073312460818,-0.02004717509497278,1.0795060539891,1.5,1.5,0.11913815205349125,renda_baixa_comprimida
4212,4212 - Coletores de apostas e de jogos,60256.98512017,1904.059530958732,1523.892363605543,2284.2266983119207,10.953845773588974,40.352175335515525,120,500,1000,1621,2000,3000,8.508293092588705,0.3774570353669835,0.2973157336032216,0.3907360596579011,0.609263940342099,0.27206767496175965,0.7279323250382403,NA,2172.096402841312,1732.1608443178939,-0.20253961009646704,1.1746203152120493,1.8507094386181369,3.242,0.39932277449515147,renda_baixa_comprimida
8160,8160 - Operadores de máquinas para elaborar alimentos e produtos afins,251520.82655543,1902.6400674941617,1675.2232805871486,2130.056854401175,11.023416341745966,39.78670483375957,660,350,800,1700,2500,3200,9.371113874578079,0.3867311254911544,0.2665967873808287,0.7573818658101393,0.24261813418986072,0.3050414206360027,0.6949585793639973,NA,2003.2820408616376,1588.46567231798,-0.20706838082831291,1.119200039702448,1.8823529411764706,4.857142857142857,0.2390539238527951,renda_baixa_comprimida
9611,9611 - Coletores de lixo e material reciclável,273260.40178069,1862.018358191447,1771.8535441561176,1952.1831722267766,11.422649663926359,39.14475381266678,617,1518,1621,1621,2000,2600,9.62278675904542,0.16899416911932374,0.18861515502211879,0.7219674128095394,0.2780325871904606,0.18820883686812434,0.8117911631318756,NA,1908.4885279406174,1741.3492360369069,-0.08757678626659837,1.1486849834617194,1.6039481801357187,1.0678524374176548,0.09684632123917981,renda_baixa_comprimida
5230,5230 - Caixas e expedidores de bilhetes,1086789.80091906,1859.450546143898,1828.7876569463945,1890.1134353414016,10.15465034415899,43.25593286332334,2199,1518,1621,1700,2000,2500,9.359122401847575,0.142099886632152,0.16419252938127726,0.17415838022138042,0.8258416197786195,0.40704886129282564,0.5926842802605965,2.668584465779317e-4,1877.3005288829877,1855.6862358858934,-0.011513496461834416,1.0937944389081753,1.4705882352941178,1.1198945981554678,0.032980591240882214,renda_baixa_comprimida
9112,"9112 - Trabalhadores de limpeza de interior de edifícios, escritórios, hotéis e outros estabelecimentos",2784711.76079787,1826.1743108757728,1777.728474551451,1874.6201472000946,11.248091319099997,39.49940576914307,6331,1500,1621,1621,1920,2400,9.359122401847575,0.1735935161583948,0.194314684898736,0.28382921149811613,0.7161707885018839,0.29749663400950566,0.7025033659904943,NA,2036.9660715579769,1742.6343785226504,-0.14449513771734368,1.1265726778999214,1.4805675508945095,1.0806666666666667,0.0530571874062655,renda_baixa_comprimida
7531,"7531 - Alfaiates, modistas, chapeleiros e peleteiros",458897.5842062,1813.116903649071,1613.7010387189694,2012.5327685791726,12.27434554057806,34.22741455809828,984,300,600,1518,2000,3000,9.359122401847575,0.46894423695128395,0.3527452960387821,0.09880261276990489,0.9011973872300951,0.39753311800270597,0.602466881997294,NA,3565.207268075152,1621.0267930171005,-0.5453204621418015,1.1944116624829189,1.976284584980237,5.06,0.21997022313206407,renda_baixa_comprimida
5132,5132 - Atendentes de bar,166281.85424505,1800.0515322415106,1468.2314961315267,2131.8715683514947,10.081280599841813,41.35771489127137,322,500,1000,1620,2000,2800,8.508293092588705,0.37524235751823365,0.2962363741592006,0.6484385999648532,0.35156140003514685,0.3171769819650061,0.6828230180349939,NA,1932.1836869943886,1556.3399375393337,-0.1945176082299397,1.111142921136735,1.728395061728395,3.24,0.3686783741094187,renda_baixa_comprimida
9121,9121 - Lavadeiros de roupas e passadeiros manuais,69842.50557345,1799.857082100643,1560.4995582809806,2039.2146059203055,12.024020736018798,37.219748005889755,150,400,1500,1621,2000,3000,9.64203233256351,0.2906021018798304,0.23631426545787632,0.2827994200372491,0.7172005799627509,0.33445998721257086,0.665540012787429,NA,1840.8528434118036,1783.6920400654235,-0.031051261675234865,1.1103374966691197,1.8507094386181369,4.0525,0.2659739222630991,renda_baixa_comprimida
9334,9334 - Repositores de prateleiras,742454.85382464,1785.0725977791717,1723.5745658883636,1846.5706296699798,9.856158724706756,42.2917260758731,1505,1000,1621,1621,2000,2400,9.237875288683602,0.18256622487712382,0.18601751830372226,0.7404870953063388,0.2595129046936613,0.3263912719122259,0.6736087280877741,NA,1792.3370966116727,1764.3442735145854,-0.015618057088706339,1.1012169017761702,1.4805675508945095,1.621,0.06890255552330864,renda_baixa_comprimida
5131,5131 - Garçons,478585.04948693997,1779.4311640600138,1691.2836973699957,1867.5786307500318,11.360045673759192,38.12168247324905,975,600,1200,1621,2000,3000,9.62278675904542,0.28182600325875207,0.2099792278566576,0.6362263585382625,0.3637736414617374,0.3797572199175846,0.6202427800824154,NA,1920.3062633773645,1533.045936457366,-0.20166591876802986,1.0977366835657087,1.8507094386181369,2.7016666666666667,0.09907375848009502,renda_baixa_comprimida
7513,7513 - Trabalhadores da pasteurização do leite e fabricação de laticínios e afins,77713.92664377,1742.8585468513638,1538.6967278714435,1947.0203658312842,11.060742035165008,39.355150302445985,273,500,850,1621,2000,3000,9.359122401847575,0.3457909920065326,0.25792420292427876,0.5724777645915867,0.42752223540841333,0.35803418026079825,0.6419658197392017,NA,2014.6601853866023,1378.899946447017,-0.3155669842244816,1.0751749209447032,1.8507094386181369,3.242,0.23428386583496136,renda_baixa_comprimida
9412,9412 - Ajudantes de cozinha,775770.79307048,1703.307568475927,1643.0156929522554,1763.5994439995984,10.575359132392734,38.57714476288196,1585,700,1518,1621,2000,2500,9.447826999790047,0.22130439952074166,0.1852730019311854,0.20353488095139574,0.7964651190486042,0.3805513537223343,0.6194486462776657,NA,1851.304967676821,1665.4871639069831,-0.10037125541936953,1.0507757979493688,1.5422578655151142,2.315714285714286,0.07079387967214752,renda_baixa_comprimida
9612,9612 - Classificadores de resíduos,290865.32150037,1670.4789438456785,1113.6957666597982,2227.2621210315588,11.43450721609802,34.75808707278179,646,150,350,900,1700,2500,7.2170900692840645,0.6034919987383849,0.48209964046388054,0.7191505349330684,0.28084946506693165,0.33270516634671043,0.6672948336532896,NA,1936.6723962904973,988.8569807212349,-0.48940410230698195,1.8560877153840871,2.7777777777777777,6,0.6666150198865564,teto_alto_base_distante
7317,"7317 - Artesãos de pedra, madeira, vime e materiais semelhantes",64425.28648338,1665.679473128268,1378.0635214989939,1953.2954247575422,12.322402483740863,32.18280856850358,188,200,500,1500,2400,3750,9.359122401847575,0.4445272487958485,0.2667645828603498,0.5653620442019504,0.43463795579804965,0.44270035960100357,0.5572996403989964,NA,2057.124979123874,1156.5006761292977,-0.4378072854757471,1.110452982085512,2.5,7.5,0.34534369459342656,topo_instavel_amostra_pequena
5322,5322 - Trabalhadores de cuidados pessoais a domicílios,710613.40180004,1661.7499067123347,1601.015552184424,1722.4842612402454,10.27388803212023,40.35596389262287,1505,500,1000,1621,2000,2700,9.341801385681293,0.29184552268799835,0.21819973786149574,0.040226748237846686,0.9597732517621533,0.3632593266883916,0.6367406733116084,NA,1754.9085557393303,1657.8453703922128,-0.05530954022058743,1.0251387456584422,1.6656384947563232,3.242,0.07309686527748294,renda_baixa_comprimida
5212,5212 - Vendedores ambulantes de serviços de alimentação,288654.39144539,1645.6588584162716,1419.7669104749602,1871.550806357583,12.266673177129404,34.68548692394376,635,350,700,1200,2000,3000,8.57802705377763,0.45293887617379047,0.34407871118299077,0.5948581534824673,0.40514184651753266,0.2650115615637612,0.7349884384362387,NA,1843.2268878707907,1355.5753871612253,-0.2645640121238019,1.3713823820135598,2.5,3.4285714285714284,0.2745307106464367,meio_heterogeneo
5311,5311 - Cuidadores de crianças,978696.38479458,1619.9035932872698,1524.9303793149943,1714.8768072595453,10.663752585791066,36.19875838998494,2111,400,759,1621,1900,2700,9.359122401847575,0.36861263327294147,0.27742891631998057,0.05058459047195836,0.9494154095280417,0.3436142942095727,0.6563857057904273,NA,2234.2246781782974,1587.1727357662726,-0.2896091645266431,0.9993236232493953,1.6656384947563232,4.0525,0.11725785949958467,renda_baixa_comprimida
5246,5246 - Balconistas dos serviços de alimentação,459577.02937368,1581.5720418900532,1497.046106447039,1666.0979773330675,9.412772788761071,39.67004400757258,861,700,1300,1621,1800,2034,8.775981524249422,0.21635728152583034,0.18294244622691552,0.2820349284244126,0.7179650715755874,0.39777621733839746,0.6022237826616026,NA,1570.3599131524877,1585.976451033586,0.009944559683612963,0.9756767685934937,1.254780999383097,2.315714285714286,0.10688850486001487,renda_baixa_comprimida
9313,9313 - Trabalhadores elementares da construção de edifícios,1719027.93801199,1556.6439740481308,1506.7935779718255,1606.494370124436,9.601903752214303,37.538190761281044,3838,500,900,1600,2000,2500,9.237875288683604,0.3004759869964183,0.21623532126382292,0.982768711815524,0.017231288184475915,0.22728342886659642,0.7727165711334036,NA,1554.5949579902135,1673.5074871047425,0.07649100397717712,0.9729024837800817,1.5625,3.2,0.06404855176571536,renda_baixa_comprimida
9214,9214 - Trabalhadores elementares da jardinagem e horticultura,52230.61327807,1408.9136986435842,1243.9148126542639,1573.9125846329046,9.408347112097871,35.18336675411489,139,300,700,1602,1800,2400,9.249422632794458,0.30052589922819517,0.19523258895251827,0.7143097608102337,0.28569023918976627,0.3476182971832588,0.6523817028167412,NA,1401.0514294171896,1428.571687892566,0.01964257549547921,0.8794717219997404,1.4981273408239701,5.34,0.23422142342454497,renda_baixa_comprimida
9629,9629 - Outras ocupações elementares não classificadas anteriormente,240786.06102295,1351.7681522779799,1224.7386707888081,1478.7976337671516,9.77237094058548,31.633075375654453,670,250,500,1100,1621,2400,8.660508083140877,0.42253263870180824,0.2975688013642393,0.86840136069056,0.13159863930943996,0.32099197383171296,0.679008026168287,NA,1309.7024629917541,1629.35386293756,0.24406413592261722,1.2288801384345271,2.1818181818181817,4.4,0.1879456640180545,meio_heterogeneo
9111,9111 - Trabalhadores dos serviços domésticos em geral,3914602.48839807,1349.5318473654202,1323.7743364776156,1375.2893582532247,11.701030279972384,29.93309833972947,9780,350,680,1500,1650,2300,9.359122401847575,0.33275881158268616,0.22811471738157874,0.062351452896399366,0.9376485471036007,0.3130669833981257,0.6868719733332287,6.104326864559549e-5,1695.2765673728861,1326.5406256647989,-0.21750783842869081,0.8996878982436134,1.5333333333333334,4.285714285714286,0.038172512843011146,renda_baixa_comprimida
9211,9211 - Trabalhadores elementares da agricultura,1230077.03485022,1293.4424904257714,1242.7029968431368,1344.181984008406,8.345111579199415,35.0271950443418,3767,300,600,1300,1621,2400,8.314087759815243,0.3567240116800683,0.2337152600931445,0.868173831721584,0.13182616827841595,0.21783252439426035,0.7821674756057397,NA,1290.3944136396872,1313.5163538878992,0.01791850615889934,0.994955761865978,1.8461538461538463,4.333333333333333,0.07845651269107813,renda_baixa_comprimida
9212,9212 - Trabalhadores elementares da pecuária,478827.37268919003,1254.7427124138671,1192.5585427244177,1316.9268821033165,8.06177655339128,35.29440382927564,2031,300,600,1100,1621,2400,7.698229407236336,0.3623198877528977,0.23790276266801128,0.9504075926230228,0.049592407376977204,0.21575736352484917,0.7842426364751509,NA,1235.3665684306718,1626.0744410271277,0.31626877607088355,1.1406751931035155,2.1818181818181817,3.6666666666666665,0.09911859869633326,meio_heterogeneo
9215,9215 - Trabalhadores florestais elementares,145910.90075706,1233.5362388055942,1083.061669763988,1384.0108078472003,9.341971225935335,32.626452161571194,536,200,400,1000,1700,2200,8.660508083140877,0.42766647387985923,0.27029932457049305,0.8124274761583518,0.1875725238416482,0.17260554660102326,0.8273944533989767,NA,1353.112508796012,715.6189807387469,-0.4711312059516036,1.2335362388055942,2.2,5,0.2439726767773071,meio_heterogeneo
7533,"7533 - Costureiros, bordadeiros e afins",143406.79075051,1212.1838029812034,1038.3166491912805,1386.0509567711263,11.954793493473208,25.87632163186333,334,200,400,800,1621,3000,8.660508083140877,0.48296201710302766,0.31389261127882656,0.05996905308209344,0.9400309469179065,0.422409702082916,0.577590297917084,NA,2865.127758489871,1106.7346322548256,-0.6137224146548514,1.5152297537265043,3.75,4,0.286865990722397,teto_alto_base_distante
7318,"7318 - Artesãos de tecidos, couros e materiais semelhantes",194020.54618515001,1205.9430194368247,1029.4030179842946,1382.4830208893547,10.206350279781269,28.98749029717,495,150,300,1000,1621,2500,8.660508083140877,0.4620271386977298,0.29667441139937434,0.1634927000592985,0.8365072999407015,0.4238890614742263,0.5761109385257738,NA,1834.6913283084361,1083.0561555894626,-0.4096793619294927,1.2059430194368246,2.5,6.666666666666667,0.2927833216116202,meio_heterogeneo
6225,6225 - Pescadores,269951.931894,1063.9633358845049,843.8256085633462,1284.1010632056634,7.51893645425286,33.044214269242374,1002,200,400,720,1500,2000,5.7736720554272525,0.4714718715840003,0.34291494025287245,0.813521400793469,0.1864785992065311,0.18049004979750227,0.8195099502024977,NA,1137.164318064783,744.6207098880304,-0.3451951507278913,1.4777268553951457,2.7777777777777777,3.6,0.41380697980189596,teto_alto_base_distante
